

                            MrBayes 3.2.7a x86_64

                      (Bayesian Analysis of Phylogeny)

              Distributed under the GNU General Public License


               Type "help" or "help <command>" for information
                     on the commands that are available.

                   Type "about" for authorship and general
                       information about the program.



   Executing file "results/sarscov2_usa_early2020/sarscov2_usa_early2020_mb.mb.nex"
   UNIX line termination
   Longest line length = 77
   Parsing file
   Expecting NEXUS formatted file
   Reading mrbayes block
      Setting autoclose to yes
      Setting nowarnings to yes
      Setting seed to 42
      Setting swapseed to 42

      Executing file "datasets/sarscov2_usa_early2020/analysis.nex"...

   UNIX line termination
   Longest line length = 29936
   Parsing file
   Expecting NEXUS formatted file
   Reading data block
      Allocated taxon set
      Allocated matrix
      Defining new matrix with 120 taxa and 29921 characters
      Data is Dna
      Missing data coded as ?
      Gaps coded as -
      Taxon   1 -> MT598633
      Taxon   2 -> MT370904
      Taxon   3 -> MT304491
      Taxon   4 -> MT627246
      Taxon   5 -> MT325632
      Taxon   6 -> MT325599
      Taxon   7 -> MT325609
      Taxon   8 -> MT325623
      Taxon   9 -> MT627632
      Taxon  10 -> MT512425
      Taxon  11 -> MT520509
      Taxon  12 -> MT605817
      Taxon  13 -> MT252803
      Taxon  14 -> MT512437
      Taxon  15 -> MT412252
      Taxon  16 -> MT627420
      Taxon  17 -> MT614537
      Taxon  18 -> MT614557
      Taxon  19 -> MT614559
      Taxon  20 -> MT627435
      Taxon  21 -> MT627437
      Taxon  22 -> MT632552
      Taxon  23 -> MT263447
      Taxon  24 -> MT614481
      Taxon  25 -> MT263467
      Taxon  26 -> MT646076
      Taxon  27 -> MT499206
      Taxon  28 -> MT509471
      Taxon  29 -> MT370883
      Taxon  30 -> MT499194
      Taxon  31 -> MT509486
      Taxon  32 -> MT520535
      Taxon  33 -> MT326135
      Taxon  34 -> MT326140
      Taxon  35 -> MT520438
      Taxon  36 -> MT628132
      Taxon  37 -> MT632514
      Taxon  38 -> MT646100
      Taxon  39 -> MT326159
      Taxon  40 -> MT326172
      Taxon  41 -> MT499183
      Taxon  42 -> MT509467
      Taxon  43 -> MT520342
      Taxon  44 -> MT520455
      Taxon  45 -> MT326053
      Taxon  46 -> MT499191
      Taxon  47 -> MT326058
      Taxon  48 -> MT499180
      Taxon  49 -> MT520444
      Taxon  50 -> MT628140
      Taxon  51 -> MT628243
      Taxon  52 -> MT632927
      Taxon  53 -> MT633015
      Taxon  54 -> MT358726
      Taxon  55 -> MT520437
      Taxon  56 -> MT632849
      Taxon  57 -> MT632774
      Taxon  58 -> MT632815
      Taxon  59 -> MT632871
      Taxon  60 -> MT632933
      Taxon  61 -> MT632840
      Taxon  62 -> MT633020
      Taxon  63 -> MT412229
      Taxon  64 -> MT412327
      Taxon  65 -> MT507796
      Taxon  66 -> MT520330
      Taxon  67 -> MT533237
      Taxon  68 -> MT631817
      Taxon  69 -> MT633029
      Taxon  70 -> MT671826
      Taxon  71 -> MT520251
      Taxon  72 -> MT585092
      Taxon  73 -> MT628226
      Taxon  74 -> MT412271
      Taxon  75 -> MT585099
      Taxon  76 -> MT585104
      Taxon  77 -> MT641578
      Taxon  78 -> MT641608
      Taxon  79 -> MT628097
      Taxon  80 -> MT432195
      Taxon  81 -> MT641548
      Taxon  82 -> MT534323
      Taxon  83 -> MT534336
      Taxon  84 -> MT641612
      Taxon  85 -> MT506997
      Taxon  86 -> MT507002
      Taxon  87 -> MT641613
      Taxon  88 -> MT551605
      Taxon  89 -> MT558658
      Taxon  90 -> MT558660
      Taxon  91 -> MT558675
      Taxon  92 -> MT609589
      Taxon  93 -> MT680234
      Taxon  94 -> MT533209
      Taxon  95 -> MT628050
      Taxon  96 -> MT631791
      Taxon  97 -> MT642268
      Taxon  98 -> MT642343
      Taxon  99 -> MT620769
      Taxon 100 -> MT642152
      Taxon 101 -> MT577612
      Taxon 102 -> MT642346
      Taxon 103 -> MT628158
      Taxon 104 -> MT577618
      Taxon 105 -> MT585019
      Taxon 106 -> MT585028
      Taxon 107 -> MT642129
      Taxon 108 -> MT585064
      Taxon 109 -> MT628204
      Taxon 110 -> MT642121
      Taxon 111 -> MT628168
      Taxon 112 -> MT642182
      Taxon 113 -> MT642384
      Taxon 114 -> MT642146
      Taxon 115 -> MT642297
      Taxon 116 -> MT512645
      Taxon 117 -> MT609572
      Taxon 118 -> MT679171
      Taxon 119 -> MT679196
      Taxon 120 -> MT412243
      Successfully read matrix
      Setting default partition (does not divide up characters)
      Setting model defaults
      Seed (for generating default start values) = 42
      Setting output file names to "datasets/sarscov2_usa_early2020/analysis.nex.run<i>.<p|t>"
   Exiting data block
   Reached end of file

   Returning execution to calling file ...

      Setting Nst to 6
      Setting Rates to Invgamma
      Successfully set likelihood model parameters
      Setting Statefreqpr to Dirichlet(1.00,1.00,1.00,1.00)
      Setting Revmatpr to Dirichlet(1.00,1.00,1.00,1.00,1.00,1.00)
      Setting Shapepr to Exponential(1.00)
      Setting Pinvarpr to Uniform(0.00,1.00)
      Setting Brlenspr to Unconstrained:GammaDir(1.00,1000.0000,1.00,1.00)
      Successfully set prior model parameters
      Setting number of generations to 800000
      Setting number of runs to 2
      Setting number of chains to 4
      Setting sample frequency to 80
      Setting print frequency to 40000
      Setting diagnosing frequency to 40000
      Setting chain output file names to "results/sarscov2_usa_early2020/sarscov2_usa_early2020_mb.run<i>.<p/t>"
      Successfully set chain parameters
      Running Markov chain
      MCMC stamp = 7313498599
      Seed = 117677264
      Swapseed = 42
      Model settings:

         Data not partitioned --
            Datatype  = DNA
            Nucmodel  = 4by4
            Nst       = 6
                        Substitution rates, expressed as proportions
                        of the rate sum, have a Dirichlet prior
                        (1.00,1.00,1.00,1.00,1.00,1.00)
            Covarion  = No
            # States  = 4
                        State frequencies have a Dirichlet prior
                        (1.00,1.00,1.00,1.00)
            Rates     = Invgamma
                        The distribution is approximated using 4 categories.
                        Shape parameter is exponentially
                        distributed with parameter (1.00).
                        Proportion of invariable sites is uniformly dist-
                        ributed on the interval (0.00,1.00).

      Active parameters: 

         Parameters
         ---------------------
         Revmat              1
         Statefreq           2
         Shape               3
         Pinvar              4
         Ratemultiplier      5
         Topology            6
         Brlens              7
         ---------------------

         1 --  Parameter  = Revmat
               Type       = Rates of reversible rate matrix
               Prior      = Dirichlet(1.00,1.00,1.00,1.00,1.00,1.00)

         2 --  Parameter  = Pi
               Type       = Stationary state frequencies
               Prior      = Dirichlet

         3 --  Parameter  = Alpha
               Type       = Shape of scaled gamma distribution of site rates
               Prior      = Exponential(1.00)

         4 --  Parameter  = Pinvar
               Type       = Proportion of invariable sites
               Prior      = Uniform(0.00,1.00)

         5 --  Parameter  = Ratemultiplier
               Type       = Partition-specific rate multiplier
               Prior      = Fixed(1.0)

         6 --  Parameter  = Tau
               Type       = Topology
               Prior      = All topologies equally probable a priori
               Subparam.  = V

         7 --  Parameter  = V
               Type       = Branch lengths
               Prior      = Unconstrained:GammaDir(1.0,1000.0000,1.0,1.0)



      The MCMC sampler will use the following moves:
         With prob.  Chain will use move
            0.93 %   Dirichlet(Revmat)
            0.93 %   Slider(Revmat)
            0.93 %   Dirichlet(Pi)
            0.93 %   Slider(Pi)
            1.85 %   Multiplier(Alpha)
            1.85 %   Slider(Pinvar)
            9.26 %   ExtSPR(Tau,V)
            9.26 %   ExtTBR(Tau,V)
            9.26 %   NNI(Tau,V)
            9.26 %   ParsSPR(Tau,V)
           37.04 %   Multiplier(V)
           12.96 %   Nodeslider(V)
            5.56 %   TLMultiplier(V)

      Division 1 has 599 unique site patterns
      Initializing conditional likelihoods
      Using standard FMA likelihood calculator for division 1 (single-precision)
      Initializing invariable-site conditional likelihoods

      Initial log likelihoods and log prior probs for run 1:
         Chain 1 -- -100276.031914 -- -4564.700617
         Chain 2 -- -100264.211368 -- -4564.700617
         Chain 3 -- -100116.436237 -- -4564.700617
         Chain 4 -- -100268.799087 -- -4564.700617

      Initial log likelihoods and log prior probs for run 2:
         Chain 1 -- -100249.716339 -- -4564.700617
         Chain 2 -- -100150.970231 -- -4564.700617
         Chain 3 -- -100165.672250 -- -4564.700617
         Chain 4 -- -100312.190210 -- -4564.700617


      Using a relative burnin of 25.0 % for diagnostics

      Chain results (800000 generations requested):

          0 -- [-100276.032] (-100264.211) (-100116.436) (-100268.799) * [-100249.716] (-100150.970) (-100165.672) (-100312.190) 
      40000 -- (-43667.614) [-43626.609] (-43674.800) (-43645.879) * (-43663.563) (-43654.247) (-43670.674) [-43631.685] -- 0:37:03

      Average standard deviation of split frequencies: 0.075813

      80000 -- (-43650.252) (-43644.440) (-43654.109) [-43625.675] * (-43646.888) (-43665.817) (-43662.040) [-43627.038] -- 0:35:42

      Average standard deviation of split frequencies: 0.038564

      120000 -- (-43670.231) (-43648.515) (-43676.006) [-43627.136] * [-43610.050] (-43671.508) (-43670.447) (-43648.496) -- 0:34:05

      Average standard deviation of split frequencies: 0.026284

      160000 -- (-43659.862) (-43641.026) (-43669.797) [-43634.472] * [-43626.158] (-43662.421) (-43644.147) (-43651.935) -- 0:32:24

      Average standard deviation of split frequencies: 0.024203

      200000 -- (-43659.662) (-43634.053) [-43625.144] (-43645.761) * [-43626.347] (-43630.798) (-43678.399) (-43647.152) -- 0:30:54

      Average standard deviation of split frequencies: 0.021794

      240000 -- (-43673.654) (-43664.998) (-43648.988) [-43625.213] * (-43624.871) [-43626.038] (-43652.270) (-43682.193) -- 0:28:53

      Average standard deviation of split frequencies: 0.017747

      280000 -- [-43638.054] (-43669.704) (-43650.853) (-43630.315) * (-43656.497) (-43680.297) [-43638.698] (-43659.294) -- 0:26:50

      Average standard deviation of split frequencies: 0.016767

      320000 -- (-43670.505) [-43627.672] (-43623.702) (-43660.190) * [-43623.227] (-43640.919) (-43626.946) (-43690.763) -- 0:24:43

      Average standard deviation of split frequencies: 0.016615

      360000 -- (-43684.051) [-43622.581] (-43643.695) (-43632.738) * [-43623.257] (-43662.883) (-43642.754) (-43652.847) -- 0:22:29

      Average standard deviation of split frequencies: 0.015190

      400000 -- (-43637.799) [-43611.410] (-43675.624) (-43662.959) * (-43659.443) [-43633.233] (-43649.336) (-43682.054) -- 0:20:23

      Average standard deviation of split frequencies: 0.014418

      440000 -- (-43644.505) (-43646.333) [-43639.610] (-43637.965) * (-43633.519) [-43622.026] (-43676.979) (-43651.718) -- 0:18:16

      Average standard deviation of split frequencies: 0.014015

      480000 -- (-43635.326) (-43630.741) (-43667.891) [-43619.464] * (-43672.959) (-43633.577) (-43645.914) [-43626.590] -- 0:16:11

      Average standard deviation of split frequencies: 0.013545

      520000 -- (-43640.339) (-43643.142) (-43656.976) [-43628.838] * (-43642.278) (-43669.356) (-43624.373) [-43656.902] -- 0:14:07

      Average standard deviation of split frequencies: 0.012842

      560000 -- (-43652.962) (-43676.940) (-43636.901) [-43633.001] * (-43637.291) [-43614.426] (-43680.938) (-43630.356) -- 0:12:03

      Average standard deviation of split frequencies: 0.011345

      600000 -- (-43652.333) (-43650.873) (-43624.355) [-43642.837] * (-43707.730) (-43649.343) [-43633.304] (-43647.138) -- 0:10:02

      Average standard deviation of split frequencies: 0.011737

      640000 -- (-43630.742) (-43679.737) [-43641.957] (-43669.099) * (-43672.358) (-43679.617) [-43638.057] (-43641.138) -- 0:08:00

      Average standard deviation of split frequencies: 0.011017

      680000 -- (-43657.660) [-43625.970] (-43646.046) (-43664.735) * (-43637.985) (-43653.159) (-43682.782) [-43618.930] -- 0:05:59

      Average standard deviation of split frequencies: 0.010604

      720000 -- [-43639.200] (-43637.915) (-43689.322) (-43683.265) * (-43640.826) [-43620.642] (-43668.882) (-43636.613) -- 0:03:59

      Average standard deviation of split frequencies: 0.010688

      760000 -- (-43644.041) (-43644.004) [-43635.379] (-43673.552) * (-43682.426) (-43671.820) (-43667.766) [-43623.371] -- 0:01:59

      Average standard deviation of split frequencies: 0.010418
      800000 -- (-43647.476) [-43630.593] (-43673.043) (-43623.365) * (-43683.882) (-43666.845) [-43616.753] (-43649.759) -- 0:00:00

      Average standard deviation of split frequencies: 0.009769

      Analysis completed in 39 mins 43 seconds
      Analysis used 2382.88 seconds of CPU time
      Likelihood of best state for "cold" chain of run 1 was -43597.31
      Likelihood of best state for "cold" chain of run 2 was -43600.11

      Acceptance rates for the moves in the "cold" chain of run 1:
         With prob.   (last 100)   chain accepted proposals by move
            38.7 %     ( 34 %)     Dirichlet(Revmat)
            57.0 %     ( 50 %)     Slider(Revmat)
             0.7 %     (  0 %)     Dirichlet(Pi)
             9.0 %     ( 17 %)     Slider(Pi)
            69.2 %     ( 46 %)     Multiplier(Alpha)
            52.8 %     ( 38 %)     Slider(Pinvar)
            65.0 %     ( 61 %)     ExtSPR(Tau,V)
            57.9 %     ( 68 %)     ExtTBR(Tau,V)
            73.3 %     ( 77 %)     NNI(Tau,V)
            33.1 %     ( 28 %)     ParsSPR(Tau,V)
            27.8 %     ( 21 %)     Multiplier(V)
            70.5 %     ( 71 %)     Nodeslider(V)
            24.6 %     ( 20 %)     TLMultiplier(V)

      Acceptance rates for the moves in the "cold" chain of run 2:
         With prob.   (last 100)   chain accepted proposals by move
            38.7 %     ( 31 %)     Dirichlet(Revmat)
            57.2 %     ( 35 %)     Slider(Revmat)
             0.9 %     (  1 %)     Dirichlet(Pi)
             9.5 %     (  9 %)     Slider(Pi)
            70.4 %     ( 52 %)     Multiplier(Alpha)
            52.5 %     ( 43 %)     Slider(Pinvar)
            65.0 %     ( 65 %)     ExtSPR(Tau,V)
            57.4 %     ( 60 %)     ExtTBR(Tau,V)
            73.4 %     ( 71 %)     NNI(Tau,V)
            33.2 %     ( 34 %)     ParsSPR(Tau,V)
            27.8 %     ( 27 %)     Multiplier(V)
            70.5 %     ( 70 %)     Nodeslider(V)
            24.3 %     ( 22 %)     TLMultiplier(V)

      Chain swap information for run 1:

                   1       2       3       4 
           ----------------------------------
         1 |            0.21    0.02    0.00 
         2 |  133534            0.24    0.02 
         3 |  133253  133477            0.27 
         4 |  133294  133061  133381         

      Chain swap information for run 2:

                   1       2       3       4 
           ----------------------------------
         1 |            0.22    0.02    0.00 
         2 |  133634            0.24    0.02 
         3 |  133589  132912            0.27 
         4 |  133337  133309  133219         

      Upper diagonal: Proportion of successful state exchanges between chains
      Lower diagonal: Number of attempted state exchanges between chains

      Chain information:

        ID -- Heat 
       -----------
         1 -- 1.00  (cold chain)
         2 -- 0.91 
         3 -- 0.83 
         4 -- 0.77 

      Heat = 1 / (1 + T * (ID - 1))
         (where T = 0.10 is the temperature and ID is the chain number)

      Using relative burnin (a fraction of samples discarded).
      Setting burnin fraction to 0.25
      Setting sumt conformat to Simple
      Setting sumt contype to Allcompat
      Summarizing trees in files "results/sarscov2_usa_early2020/sarscov2_usa_early2020_mb.run1.t" and "results/sarscov2_usa_early2020/sarscov2_usa_early2020_mb.run2.t"
      Using relative burnin ('relburnin=yes'), discarding the first 25 % of sampled trees
      Writing statistics to files results/sarscov2_usa_early2020/sarscov2_usa_early2020_mb.<parts|tstat|vstat|trprobs|con>
      Examining first file ...
      Found one tree block in file "results/sarscov2_usa_early2020/sarscov2_usa_early2020_mb.run1.t" with 10001 trees in last block
      Expecting the same number of trees in the last tree block of all files

      Tree reading status:

      0      10      20      30      40      50      60      70      80      90     100
      v-------v-------v-------v-------v-------v-------v-------v-------v-------v-------v
      *********************************************************************************

      Read a total of 20002 trees in 2 files (sampling 15002 of them)
         (Each file contained 10001 trees of which 7501 were sampled)
                                                                                   
      General explanation:                                                          
                                                                                   
      In an unrooted tree, a taxon bipartition (split) is specified by removing a   
      branch, thereby dividing the species into those to the left and those to the  
      right of the branch. Here, taxa to one side of the removed branch are denoted 
      '.' and those to the other side are denoted '*'. Specifically, the '.' symbol 
      is used for the taxa on the same side as the outgroup.                        
                                                                                   
      In a rooted or clock tree, the tree is rooted using the model and not by      
      reference to an outgroup. Each bipartition therefore corresponds to a clade,  
      that is, a group that includes all the descendants of a particular branch in  
      the tree.  Taxa that are included in each clade are denoted using '*', and    
      taxa that are not included are denoted using the '.' symbol.                  
                                                                                   
      The output first includes a key to all the bipartitions with frequency larger 
      or equual to (Minpartfreq) in at least one run. Minpartfreq is a parameter to 
      sumt command and currently it is set to 0.10.  This is followed by a table  
      with statistics for the informative bipartitions (those including at least    
      two taxa), sorted from highest to lowest probability. For each bipartition,   
      the table gives the number of times the partition or split was observed in all
      runs (#obs) and the posterior probability of the bipartition (Probab.), which 
      is the same as the split frequency. If several runs are summarized, this is   
      followed by the minimum split frequency (Min(s)), the maximum frequency       
      (Max(s)), and the standard deviation of frequencies (Stddev(s)) across runs.  
      The latter value should approach 0 for all bipartitions as MCMC runs converge.
                                                                                   
      This is followed by a table summarizing branch lengths, node heights (if a    
      clock model was used) and relaxed clock parameters (if a relaxed clock model  
      was used). The mean, variance, and 95 % credible interval are given for each 
      of these parameters. If several runs are summarized, the potential scale      
      reduction factor (PSRF) is also given; it should approach 1 as runs converge. 
      Node heights will take calibration points into account, if such points were   
      used in the analysis.                                                         
                                                                                    
      Note that Stddev may be unreliable if the partition is not present in all     
      runs (the last column indicates the number of runs that sampled the partition 
      if more than one run is summarized). The PSRF is not calculated at all if     
      the partition is not present in all runs.The PSRF is also sensitive to small  
      sample sizes and it should only be considered a rough guide to convergence    
      since some of the assumptions allowing one to interpret it as a true potential
      scale reduction factor are violated in MrBayes.                               
                                                                                    
      List of taxa in bipartitions:                                                 
                                                                                   
         1 -- MT598633
         2 -- MT370904
         3 -- MT304491
         4 -- MT627246
         5 -- MT325632
         6 -- MT325599
         7 -- MT325609
         8 -- MT325623
         9 -- MT627632
        10 -- MT512425
        11 -- MT520509
        12 -- MT605817
        13 -- MT252803
        14 -- MT512437
        15 -- MT412252
        16 -- MT627420
        17 -- MT614537
        18 -- MT614557
        19 -- MT614559
        20 -- MT627435
        21 -- MT627437
        22 -- MT632552
        23 -- MT263447
        24 -- MT614481
        25 -- MT263467
        26 -- MT646076
        27 -- MT499206
        28 -- MT509471
        29 -- MT370883
        30 -- MT499194
        31 -- MT509486
        32 -- MT520535
        33 -- MT326135
        34 -- MT326140
        35 -- MT520438
        36 -- MT628132
        37 -- MT632514
        38 -- MT646100
        39 -- MT326159
        40 -- MT326172
        41 -- MT499183
        42 -- MT509467
        43 -- MT520342
        44 -- MT520455
        45 -- MT326053
        46 -- MT499191
        47 -- MT326058
        48 -- MT499180
        49 -- MT520444
        50 -- MT628140
        51 -- MT628243
        52 -- MT632927
        53 -- MT633015
        54 -- MT358726
        55 -- MT520437
        56 -- MT632849
        57 -- MT632774
        58 -- MT632815
        59 -- MT632871
        60 -- MT632933
        61 -- MT632840
        62 -- MT633020
        63 -- MT412229
        64 -- MT412327
        65 -- MT507796
        66 -- MT520330
        67 -- MT533237
        68 -- MT631817
        69 -- MT633029
        70 -- MT671826
        71 -- MT520251
        72 -- MT585092
        73 -- MT628226
        74 -- MT412271
        75 -- MT585099
        76 -- MT585104
        77 -- MT641578
        78 -- MT641608
        79 -- MT628097
        80 -- MT432195
        81 -- MT641548
        82 -- MT534323
        83 -- MT534336
        84 -- MT641612
        85 -- MT506997
        86 -- MT507002
        87 -- MT641613
        88 -- MT551605
        89 -- MT558658
        90 -- MT558660
        91 -- MT558675
        92 -- MT609589
        93 -- MT680234
        94 -- MT533209
        95 -- MT628050
        96 -- MT631791
        97 -- MT642268
        98 -- MT642343
        99 -- MT620769
       100 -- MT642152
       101 -- MT577612
       102 -- MT642346
       103 -- MT628158
       104 -- MT577618
       105 -- MT585019
       106 -- MT585028
       107 -- MT642129
       108 -- MT585064
       109 -- MT628204
       110 -- MT642121
       111 -- MT628168
       112 -- MT642182
       113 -- MT642384
       114 -- MT642146
       115 -- MT642297
       116 -- MT512645
       117 -- MT609572
       118 -- MT679171
       119 -- MT679196
       120 -- MT412243

      Key to taxon bipartitions (saved to file "results/sarscov2_usa_early2020/sarscov2_usa_early2020_mb.parts"):

       ID -- Partition
      --------------------------------------------------------------------------------
        1 -- .**********************************************************************
        2 -- .*.....................................................................
        3 -- ..*....................................................................
        4 -- ...*...................................................................
        5 -- ....*..................................................................
        6 -- .....*.................................................................
        7 -- ......*................................................................
        8 -- .......*...............................................................
        9 -- ........*..............................................................
       10 -- .........*.............................................................
       11 -- ..........*............................................................
       12 -- ...........*...........................................................
       13 -- ............*..........................................................
       14 -- .............*.........................................................
       15 -- ..............*........................................................
       16 -- ...............*.......................................................
       17 -- ................*......................................................
       18 -- .................*.....................................................
       19 -- ..................*....................................................
       20 -- ...................*...................................................
       21 -- ....................*..................................................
       22 -- .....................*.................................................
       23 -- ......................*................................................
       24 -- .......................*...............................................
       25 -- ........................*..............................................
       26 -- .........................*.............................................
       27 -- ..........................*............................................
       28 -- ...........................*...........................................
       29 -- ............................*..........................................
       30 -- .............................*.........................................
       31 -- ..............................*........................................
       32 -- ...............................*.......................................
       33 -- ................................*......................................
       34 -- .................................*.....................................
       35 -- ..................................*....................................
       36 -- ...................................*...................................
       37 -- ....................................*..................................
       38 -- .....................................*.................................
       39 -- ......................................*................................
       40 -- .......................................*...............................
       41 -- ........................................*..............................
       42 -- .........................................*.............................
       43 -- ..........................................*............................
       44 -- ...........................................*...........................
       45 -- ............................................*..........................
       46 -- .............................................*.........................
       47 -- ..............................................*........................
       48 -- ...............................................*.......................
       49 -- ................................................*......................
       50 -- .................................................*.....................
       51 -- ..................................................*....................
       52 -- ...................................................*...................
       53 -- ....................................................*..................
       54 -- .....................................................*.................
       55 -- ......................................................*................
       56 -- .......................................................*...............
       57 -- ........................................................*..............
       58 -- .........................................................*.............
       59 -- ..........................................................*............
       60 -- ...........................................................*...........
       61 -- ............................................................*..........
       62 -- .............................................................*.........
       63 -- ..............................................................*........
       64 -- ...............................................................*.......
       65 -- ................................................................*......
       66 -- .................................................................*.....
       67 -- ..................................................................*....
       68 -- ...................................................................*...
       69 -- ....................................................................*..
       70 -- .....................................................................*.
       71 -- ......................................................................*
       72 -- .......................................................................
       73 -- .......................................................................
       74 -- .......................................................................
       75 -- .......................................................................
       76 -- .......................................................................
       77 -- .......................................................................
       78 -- .......................................................................
       79 -- .......................................................................
       80 -- .......................................................................
       81 -- .......................................................................
       82 -- .......................................................................
       83 -- .......................................................................
       84 -- .......................................................................
       85 -- .......................................................................
       86 -- .......................................................................
       87 -- .......................................................................
       88 -- .......................................................................
       89 -- .......................................................................
       90 -- .......................................................................
       91 -- .......................................................................
       92 -- .......................................................................
       93 -- .......................................................................
       94 -- .......................................................................
       95 -- .......................................................................
       96 -- .......................................................................
       97 -- .......................................................................
       98 -- .......................................................................
       99 -- .......................................................................
      100 -- .......................................................................
      101 -- .......................................................................
      102 -- .......................................................................
      103 -- .......................................................................
      104 -- .......................................................................
      105 -- .......................................................................
      106 -- .......................................................................
      107 -- .......................................................................
      108 -- .......................................................................
      109 -- .......................................................................
      110 -- .......................................................................
      111 -- .......................................................................
      112 -- .......................................................................
      113 -- .......................................................................
      114 -- .......................................................................
      115 -- .......................................................................
      116 -- .......................................................................
      117 -- .......................................................................
      118 -- .......................................................................
      119 -- .......................................................................
      120 -- .......................................................................
      121 -- .......*.*.......*............*......*.................................
      122 -- ..*.**....*..*.**.**...***.**..*.***..*...**.******...******..******.**
      123 -- .**.**.*.**..*.*****...*********.***.**..***.******...******..******.**
      124 -- ...................*..................................*................
      125 -- ...............................................*.......................
      126 -- .................*............*........................................
      127 -- .......................................................................
      128 -- .......................................................................
      129 -- .**.**....*..*.**.**...*******.*.***..*..***.******...******..******.**
      130 -- ...............................*...........*...........................
      131 -- .......................................................................
      132 -- ..*.*.....*..*.**.**...***.**..*.***..*...**.**.***...******..******.**
      133 -- .*........................*..............*.............................
      134 -- .......................................................*...........*...
      135 -- ....*.....*....................*...........*...........................
      136 -- .......................................................................
      137 -- ...............*.......*...............................................
      138 -- ........................*................................*.*..*........
      139 -- ..........................................................*............
      140 -- .......................................................................
      141 -- .................................................................*....*
      142 -- .....................*..............*..................................
      143 -- .......................................................................
      144 -- ..*..........*..*...........*.....*.............*.........*............
      145 -- ...............*..**...***.*.....*....*...*..**..**...****.*..******.**
      146 -- .................................*....*................................
      147 -- ................................................................*......
      148 -- ...............................................................*.......
      149 -- ..............*.......*................................................
      150 -- .................................*....*.......*........................
      151 -- .*........................*............................................
      152 -- ....*.....*............................................................
      153 -- .......................................................................
      154 -- ..*.*.....*..*.**.**...***.**..*.***..*...**.******...******..******.**
      155 -- ..........*....................*...........*...........................
      156 -- .......................................................................
      157 -- .......................................................................
      158 -- ..*.**....*..*.**.**...***.**..*.***..*...**.**.***...******..******.**
      159 -- .......................................................................
      160 -- .......................................................................
      161 -- ..........................*..............*.............................
      162 -- .....*.........................................*.......................
      163 -- .......................................................................
      164 -- .*.......................................*.............................
      165 -- ....*..........................*...........*...........................
      166 -- ..............*.......*................................................
      167 -- ................................................................*......
      168 -- ..............*........................................................
      169 -- .......*.........*............*......*.................................
      170 -- .*........................*..*...........*.............................
      171 -- ...................................................................*...
      172 -- ................................................................*......
      173 -- ...............................*.......................................
      174 -- ...............................*.......................................
      175 -- ..*.**....*..*.**.**...***.**..*.***..*...**.******...******..******.**
      176 -- .......*.............................*.................................
      177 -- ...............................................*.......................
      178 -- .......................................................*...............
      179 -- ...................*..................................*................
      180 -- ...................*..................................*................
      181 -- ...............................................*.......................
      182 -- ...................*...................................................
      183 -- .......*.........*............*........................................
      184 -- .......................................................................
      185 -- .......................................................................
      186 -- .......................................................................
      187 -- .......................................................................
      188 -- ...................................................................*...
      189 -- .......................................................*...........*...
      190 -- .......................................................................
      191 -- ...............................*...........*...........................
      192 -- ...............................*.......................................
      193 -- .................*............*......*.................................
      194 -- .........*.......*............*........................................
      195 -- ...............................................*.......................
      196 -- .**.**....*..*.**.**...******..*.***..*..***.******...******..******.**
      197 -- ...............................................*.......................
      198 -- .......................................................*...............
      199 -- ................................................................*......
      200 -- ...................*...................................................
      201 -- .*........................*..*...........*.............................
      202 -- .......................................................................
      203 -- ..*.*.....*..*..*...........*..*..*........*....*.........*............
      204 -- ...........................................*...........................
      205 -- ...................*..................................*................
      206 -- .*........................*..............*.............................
      207 -- ...............................................................*.......
      208 -- ...................................................................*...
      209 -- .......................................................*...............
      210 -- ..*.**....*..*.**.**...***.***.*.***..*...**.******...******..******.**
      211 -- ......................................................*................
      212 -- ......................*................................................
      213 -- ..*.*.....*..*..*...........*..*..**.......*....*.........*............
      214 -- .**.**....*..*.**.**...*******.*.***..*..***.******...******..******.**
      215 -- ..*..........*..*...........*.....**............*.........*............
      216 -- ..*.**....*..*.**.**...***.***.*.***..*...**.******...******..******.**
      217 -- .......*.*...........................*.................................
      218 -- .......*.*.......*............*........................................
      219 -- ...........................................*...........................
      220 -- .......................................................................
      221 -- .............................*.........................................
      222 -- ......................................................*................
      223 -- .......................................................................
      224 -- ......................................................*................
      225 -- .......*.*.............................................................
      226 -- ...................*...................................................
      227 -- ...............................*...........*...........................
      228 -- ...........................................*...........................
      229 -- .......................................................*...........*...
      230 -- ...............................*...........*...........................
      231 -- .........*...........................*.................................
      232 -- ....*.....*....*..**...***.*...*.*.*..*...**.**..**...****.*..******.**
      233 -- .........*.......*............*......*.................................
      234 -- ...............*..**...***.*.....*.*..*...*..**..**...****.*..******.**
      235 -- ...............................................*.......................
      236 -- ..*.*.....*..*.**.**...***.**..*.**...*...**.**.***...******..******.**
      237 -- ....*.....*....................*...*.......*...........................
      238 -- .......................................................*...........*...
      239 -- ..*..........*.**.**...***.**....***..*...*..**.***...******..******.**
      240 -- .**.**....*..*.**.**...******..*.***..*..***.******...******..******.**
      241 -- ...............................................*.......................
      242 -- ....*.....*....*..**...***.*...*.*....*...**.**..**...****.*..******.**
      243 -- ..*..........*.**.**...***.**....**...*...*..**.***...******..******.**
      244 -- ...............................................................*.......
      245 -- ................................................................*......
      246 -- .......................................................................
      247 -- .......................................................................
      248 -- ................................................................*......
      249 -- .......................................................................
      250 -- ................................................................*......
      251 -- ...............*..**...***.*.....*....*...*..**..**...**.*.*..******.**
      252 -- .......................................................................
      253 -- ..............*.......*.........*......................................
      254 -- ................................................................*......
      255 -- .......................................................................
      --------------------------------------------------------------------------------

       ID -- Partition (continued)
      --------------------------------------------------------------------------------
        1 -- *************************************************
        2 -- .................................................
        3 -- .................................................
        4 -- .................................................
        5 -- .................................................
        6 -- .................................................
        7 -- .................................................
        8 -- .................................................
        9 -- .................................................
       10 -- .................................................
       11 -- .................................................
       12 -- .................................................
       13 -- .................................................
       14 -- .................................................
       15 -- .................................................
       16 -- .................................................
       17 -- .................................................
       18 -- .................................................
       19 -- .................................................
       20 -- .................................................
       21 -- .................................................
       22 -- .................................................
       23 -- .................................................
       24 -- .................................................
       25 -- .................................................
       26 -- .................................................
       27 -- .................................................
       28 -- .................................................
       29 -- .................................................
       30 -- .................................................
       31 -- .................................................
       32 -- .................................................
       33 -- .................................................
       34 -- .................................................
       35 -- .................................................
       36 -- .................................................
       37 -- .................................................
       38 -- .................................................
       39 -- .................................................
       40 -- .................................................
       41 -- .................................................
       42 -- .................................................
       43 -- .................................................
       44 -- .................................................
       45 -- .................................................
       46 -- .................................................
       47 -- .................................................
       48 -- .................................................
       49 -- .................................................
       50 -- .................................................
       51 -- .................................................
       52 -- .................................................
       53 -- .................................................
       54 -- .................................................
       55 -- .................................................
       56 -- .................................................
       57 -- .................................................
       58 -- .................................................
       59 -- .................................................
       60 -- .................................................
       61 -- .................................................
       62 -- .................................................
       63 -- .................................................
       64 -- .................................................
       65 -- .................................................
       66 -- .................................................
       67 -- .................................................
       68 -- .................................................
       69 -- .................................................
       70 -- .................................................
       71 -- .................................................
       72 -- *................................................
       73 -- .*...............................................
       74 -- ..*..............................................
       75 -- ...*.............................................
       76 -- ....*............................................
       77 -- .....*...........................................
       78 -- ......*..........................................
       79 -- .......*.........................................
       80 -- ........*........................................
       81 -- .........*.......................................
       82 -- ..........*......................................
       83 -- ...........*.....................................
       84 -- ............*....................................
       85 -- .............*...................................
       86 -- ..............*..................................
       87 -- ...............*.................................
       88 -- ................*................................
       89 -- .................*...............................
       90 -- ..................*..............................
       91 -- ...................*.............................
       92 -- ....................*............................
       93 -- .....................*...........................
       94 -- ......................*..........................
       95 -- .......................*.........................
       96 -- ........................*........................
       97 -- .........................*.......................
       98 -- ..........................*......................
       99 -- ...........................*.....................
      100 -- ............................*....................
      101 -- .............................*...................
      102 -- ..............................*..................
      103 -- ...............................*.................
      104 -- ................................*................
      105 -- .................................*...............
      106 -- ..................................*..............
      107 -- ...................................*.............
      108 -- ....................................*............
      109 -- .....................................*...........
      110 -- ......................................*..........
      111 -- .......................................*.........
      112 -- ........................................*........
      113 -- .........................................*.......
      114 -- ..........................................*......
      115 -- ...........................................*.....
      116 -- ............................................*....
      117 -- .............................................*...
      118 -- ..............................................*..
      119 -- ...............................................*.
      120 -- ................................................*
      121 -- .................................................
      122 -- ******.**...**************.***.****.**.*********.
      123 -- ******.**.****************.***.****.**.*********.
      124 -- ......................*..............*...........
      125 -- .....*..............*........................*...
      126 -- .................................................
      127 -- ..........**.....................................
      128 -- ............................*...........*........
      129 -- ******.**.****************.***.****.**.*********.
      130 -- ................*....*...........................
      131 -- ...............*............*...........*.*......
      132 -- *****..**...********.*****.***.****.**.******.**.
      133 -- .................................................
      134 -- ........................*......*.................
      135 -- ................*....*...........................
      136 -- *...*...*........................................
      137 -- .................................................
      138 -- .......................*.*...............*.*.....
      139 -- ...............*............*...........*.*......
      140 -- .........*............................*..........
      141 -- .................................................
      142 -- .................................................
      143 -- .............*....*..............................
      144 -- ...............*.*..........*...........*.*....*.
      145 -- *****..**...***...**..****.*.*.****.**.*.*.**.*..
      146 -- .................................................
      147 -- *..**...*..............................*.........
      148 -- ..*..............................................
      149 -- ................................................*
      150 -- .................................................
      151 -- .................................................
      152 -- .................................................
      153 -- ............................*...........*.*......
      154 -- ******.**...**************.***.****.**.*********.
      155 -- ................*....*...........................
      156 -- ...............*..........................*......
      157 -- *...*............................................
      158 -- *****..**...********.*****.***.****.**.******.**.
      159 -- *.......*........................................
      160 -- ....*...*........................................
      161 -- .................................................
      162 -- .....*..............*........................*...
      163 -- ...............*............*...........*........
      164 -- .................................................
      165 -- ................*....*...........................
      166 -- .................................................
      167 -- *..**...*........................................
      168 -- ................................................*
      169 -- .................................................
      170 -- .................................................
      171 -- ...............................*.................
      172 -- *...*...*........................................
      173 -- ................*................................
      174 -- ................*....*...........................
      175 -- ******.**.****************.***.****.**.*********.
      176 -- .................................................
      177 -- .....*...........................................
      178 -- ........................*........................
      179 -- .................................................
      180 -- .....................................*...........
      181 -- .....*..............*............................
      182 -- .....................................*...........
      183 -- .................................................
      184 -- .....*..............*............................
      185 -- .....*.......................................*...
      186 -- ......................*..............*...........
      187 -- .....*..............*........................*...
      188 -- ........................*......*.................
      189 -- ...............................*.................
      190 -- *..**...*........................................
      191 -- ................*................................
      192 -- .....................*...........................
      193 -- .................................................
      194 -- .................................................
      195 -- .....*.......................................*...
      196 -- ******.**.****************.***.****.**.*********.
      197 -- .............................................*...
      198 -- ........................*......*.................
      199 -- ...*.............................................
      200 -- ......................*..............*...........
      201 -- ..........**.....................................
      202 -- ................*....*...........................
      203 -- ...............***...*......*...........*.*....*.
      204 -- .....................*...........................
      205 -- ......................*..........................
      206 -- ..........**.....................................
      207 -- ..*...........................................*..
      208 -- ........................*........................
      209 -- ...............................*.................
      210 -- ******.**.****************.***.****.**.*********.
      211 -- .....................................*...........
      212 -- ................................................*
      213 -- ...............***...*......*...........*.*....*.
      214 -- ******.**...**************.***.****.**.*********.
      215 -- ...............*.*..........*...........*.*....*.
      216 -- ******.**...**************.***.****.**.*********.
      217 -- .................................................
      218 -- .................................................
      219 -- ................*................................
      220 -- ....................*........................*...
      221 -- ..........**.....................................
      222 -- ......................*..........................
      223 -- ........................*......*.................
      224 -- ......................*..............*...........
      225 -- .................................................
      226 -- ......................*..........................
      227 -- .....................*...........................
      228 -- ................*....*...........................
      229 -- .................................................
      230 -- .................................................
      231 -- .................................................
      232 -- *****..**...***.*.**.*****.*.*.****.**.*.*.**.*..
      233 -- .................................................
      234 -- *****..**...***...**..****.*.*.****.**.*.*.**.*..
      235 -- ....................*............................
      236 -- *****..**...********.*****.***.****.**.******.**.
      237 -- ................*....*...........................
      238 -- ........................*........................
      239 -- *****..**...****.***..****.***.****.**.******.**.
      240 -- ******.**...**************.***.****.**.*********.
      241 -- ....................*........................*...
      242 -- *****..**...***.*.**.*****.*.*.****.**.*.*.**.*..
      243 -- *****..**...****.***..****.***.****.**.******.**.
      244 -- ..*................*..........................*..
      245 -- .......................................*.........
      246 -- ...*...................................*.........
      247 -- *...*...*..............................*.........
      248 -- *...*...*..............................*.........
      249 -- *..**...*..............................*.........
      250 -- ...*...................................*.........
      251 -- *****..**...***...**..****.*.*.****.**.*.*.**.*..
      252 -- ...................*..........................*..
      253 -- ................................................*
      254 -- *..**...*....................*.........*.........
      255 -- ...........................*...........*.........
      --------------------------------------------------------------------------------

      Summary statistics for informative taxon bipartitions
         (saved to file "results/sarscov2_usa_early2020/sarscov2_usa_early2020_mb.tstat"):

       ID   #obs     Probab.     Sd(s)+      Min(s)      Max(s)   Nruns 
      ------------------------------------------------------------------
      121  15002    1.000000    0.000000    1.000000    1.000000    2
      122  15002    1.000000    0.000000    1.000000    1.000000    2
      123  15002    1.000000    0.000000    1.000000    1.000000    2
      124  15002    1.000000    0.000000    1.000000    1.000000    2
      125  15002    1.000000    0.000000    1.000000    1.000000    2
      126  15002    1.000000    0.000000    1.000000    1.000000    2
      127  15002    1.000000    0.000000    1.000000    1.000000    2
      128  15002    1.000000    0.000000    1.000000    1.000000    2
      129  14997    0.999667    0.000094    0.999600    0.999733    2
      130  14996    0.999600    0.000566    0.999200    1.000000    2
      131  14984    0.998800    0.000189    0.998667    0.998933    2
      132  14984    0.998800    0.000754    0.998267    0.999333    2
      133  14974    0.998134    0.000189    0.998000    0.998267    2
      134  14958    0.997067    0.003959    0.994267    0.999867    2
      135  14919    0.994467    0.006127    0.990135    0.998800    2
      136  14898    0.993068    0.006410    0.988535    0.997600    2
      137  14860    0.990535    0.005845    0.986402    0.994667    2
      138  14843    0.989401    0.000471    0.989068    0.989735    2
      139  14787    0.985669    0.008390    0.979736    0.991601    2
      140  14767    0.984335    0.018382    0.971337    0.997334    2
      141  14730    0.981869    0.011124    0.974003    0.989735    2
      142  14703    0.980069    0.014423    0.969871    0.990268    2
      143  14547    0.969671    0.007070    0.964671    0.974670    2
      144  14540    0.969204    0.006976    0.964271    0.974137    2
      145  12945    0.862885    0.019514    0.849087    0.876683    2
      146  10036    0.668977    0.014706    0.658579    0.679376    2
      147   9602    0.640048    0.084464    0.580323    0.699773    2
      148   8511    0.567324    0.013103    0.558059    0.576590    2
      149   7826    0.521664    0.022436    0.505799    0.537528    2
      150   7670    0.511265    0.018477    0.498200    0.524330    2
      151   5313    0.354153    0.019514    0.340355    0.367951    2
      152   5260    0.350620    0.003017    0.348487    0.352753    2
      153   5080    0.338622    0.004902    0.335155    0.342088    2
      154   5068    0.337822    0.026584    0.319024    0.356619    2
      155   5067    0.337755    0.000660    0.337288    0.338222    2
      156   5057    0.337088    0.002734    0.335155    0.339021    2
      157   5038    0.335822    0.029977    0.314625    0.357019    2
      158   4969    0.331223    0.026112    0.312758    0.349687    2
      159   4967    0.331089    0.011595    0.322890    0.339288    2
      160   4966    0.331023    0.021305    0.315958    0.346087    2
      161   4960    0.330623    0.005656    0.326623    0.334622    2
      162   4955    0.330289    0.000471    0.329956    0.330623    2
      163   4854    0.323557    0.006976    0.318624    0.328490    2
      164   4728    0.315158    0.013763    0.305426    0.324890    2
      165   4659    0.310559    0.001980    0.309159    0.311958    2
      166   4587    0.305759    0.002357    0.304093    0.307426    2
      167   4252    0.283429    0.032994    0.260099    0.306759    2
      168   3513    0.234169    0.000283    0.233969    0.234369    2
      169   3363    0.224170    0.020079    0.209972    0.238368    2
      170   3289    0.219237    0.009710    0.212372    0.226103    2
      171   3285    0.218971    0.008955    0.212638    0.225303    2
      172   3278    0.218504    0.019608    0.204639    0.232369    2
      173   3265    0.217638    0.010841    0.209972    0.225303    2
      174   3255    0.216971    0.009521    0.210239    0.223704    2
      175   3251    0.216704    0.011972    0.208239    0.225170    2
      176   3163    0.210839    0.007824    0.205306    0.216371    2
      177   3158    0.210505    0.005845    0.206372    0.214638    2
      178   3157    0.210439    0.003865    0.207706    0.213172    2
      179   3133    0.208839    0.003299    0.206506    0.211172    2
      180   3110    0.207306    0.017911    0.194641    0.219971    2
      181   3108    0.207172    0.005656    0.203173    0.211172    2
      182   3103    0.206839    0.000848    0.206239    0.207439    2
      183   3103    0.206839    0.009144    0.200373    0.213305    2
      184   3101    0.206706    0.011784    0.198374    0.215038    2
      185   3089    0.205906    0.004619    0.202640    0.209172    2
      186   3076    0.205039    0.011312    0.197040    0.213038    2
      187   3075    0.204973    0.002168    0.203440    0.206506    2
      188   3065    0.204306    0.020456    0.189841    0.218771    2
      189   3059    0.203906    0.015554    0.192908    0.214905    2
      190   3054    0.203573    0.012066    0.195041    0.212105    2
      191   3052    0.203440    0.008484    0.197440    0.209439    2
      192   3048    0.203173    0.006976    0.198240    0.208106    2
      193   3047    0.203106    0.013857    0.193308    0.212905    2
      194   3037    0.202440    0.002922    0.200373    0.204506    2
      195   3032    0.202106    0.015083    0.191441    0.212772    2
      196   3029    0.201906    0.009521    0.195174    0.208639    2
      197   3025    0.201640    0.008578    0.195574    0.207706    2
      198   3020    0.201306    0.004148    0.198374    0.204239    2
      199   3017    0.201107    0.004242    0.198107    0.204106    2
      200   3014    0.200907    0.008296    0.195041    0.206772    2
      201   3011    0.200707    0.026112    0.182242    0.219171    2
      202   3003    0.200173    0.000660    0.199707    0.200640    2
      203   3003    0.200173    0.017817    0.187575    0.212772    2
      204   2984    0.198907    0.001508    0.197840    0.199973    2
      205   2984    0.198907    0.009238    0.192374    0.205439    2
      206   2982    0.198773    0.013952    0.188908    0.208639    2
      207   2978    0.198507    0.000754    0.197974    0.199040    2
      208   2967    0.197774    0.006505    0.193174    0.202373    2
      209   2961    0.197374    0.000848    0.196774    0.197974    2
      210   2958    0.197174    0.002828    0.195174    0.199173    2
      211   2953    0.196840    0.009710    0.189975    0.203706    2
      212   2932    0.195441    0.008484    0.189441    0.201440    2
      213   2917    0.194441    0.013669    0.184775    0.204106    2
      214   2912    0.194107    0.006222    0.189708    0.198507    2
      215   2911    0.194041    0.007447    0.188775    0.199307    2
      216   2909    0.193907    0.008390    0.187975    0.199840    2
      217   2903    0.193508    0.009521    0.186775    0.200240    2
      218   2903    0.193508    0.003865    0.190775    0.196241    2
      219   2902    0.193441    0.002262    0.191841    0.195041    2
      220   2896    0.193041    0.016780    0.181176    0.204906    2
      221   2894    0.192908    0.000943    0.192241    0.193574    2
      222   2893    0.192841    0.007259    0.187708    0.197974    2
      223   2891    0.192708    0.004808    0.189308    0.196107    2
      224   2889    0.192574    0.005939    0.188375    0.196774    2
      225   2869    0.191241    0.003676    0.188642    0.193841    2
      226   2849    0.189908    0.002922    0.187842    0.191974    2
      227   2838    0.189175    0.000566    0.188775    0.189575    2
      228   2832    0.188775    0.004902    0.185309    0.192241    2
      229   2827    0.188442    0.010464    0.181043    0.195841    2
      230   2825    0.188308    0.002545    0.186508    0.190108    2
      231   2810    0.187308    0.012066    0.178776    0.195841    2
      232   2806    0.187042    0.009804    0.180109    0.193974    2
      233   2806    0.187042    0.006410    0.182509    0.191574    2
      234   2803    0.186842    0.004054    0.183975    0.189708    2
      235   2795    0.186308    0.007070    0.181309    0.191308    2
      236   2788    0.185842    0.002828    0.183842    0.187842    2
      237   2782    0.185442    0.005279    0.181709    0.189175    2
      238   2772    0.184775    0.015837    0.173577    0.195974    2
      239   2767    0.184442    0.023473    0.167844    0.201040    2
      240   2751    0.183376    0.003299    0.181043    0.185709    2
      241   2725    0.181642    0.006882    0.176776    0.186508    2
      242   2702    0.180109    0.003394    0.177710    0.182509    2
      243   2484    0.165578    0.000754    0.165045    0.166111    2
      244   2467    0.164445    0.014423    0.154246    0.174643    2
      245   2348    0.156512    0.020928    0.141714    0.171310    2
      246   2291    0.152713    0.004242    0.149713    0.155713    2
      247   2244    0.149580    0.023944    0.132649    0.166511    2
      248   2200    0.146647    0.013009    0.137448    0.155846    2
      249   2162    0.144114    0.000754    0.143581    0.144647    2
      250   2154    0.143581    0.001508    0.142514    0.144647    2
      251   1923    0.128183    0.019136    0.114651    0.141714    2
      252   1822    0.121450    0.014329    0.111318    0.131582    2
      253   1570    0.104653    0.038839    0.077190    0.132116    2
      254   1358    0.090521    0.029412    0.069724    0.111318    2
      255   1289    0.085922    0.046851    0.052793    0.119051    2
      ------------------------------------------------------------------
      + Convergence diagnostic (standard deviation of split frequencies)
        should approach 0.0 as runs converge.


      Summary statistics for branch and node parameters
         (saved to file "results/sarscov2_usa_early2020/sarscov2_usa_early2020_mb.vstat"):

                                               95% HPD Interval
                                             --------------------
      Parameter       Mean       Variance     Lower       Upper       Median     PSRF+  Nruns
      ---------------------------------------------------------------------------------------
      length[1]      0.000017    0.000000    0.000000    0.000050    0.000012    1.004    2
      length[2]      0.000141    0.000000    0.000049    0.000240    0.000135    1.001    2
      length[3]      0.000017    0.000000    0.000000    0.000053    0.000012    1.001    2
      length[4]      0.000035    0.000000    0.000001    0.000084    0.000029    1.002    2
      length[5]      0.000017    0.000000    0.000000    0.000050    0.000012    1.001    2
      length[6]      0.000051    0.000000    0.000007    0.000109    0.000045    1.000    2
      length[7]      0.000017    0.000000    0.000000    0.000051    0.000013    1.004    2
      length[8]      0.000018    0.000000    0.000000    0.000054    0.000012    1.000    2
      length[9]      0.000018    0.000000    0.000000    0.000055    0.000012    1.002    2
      length[10]     0.000035    0.000000    0.000001    0.000084    0.000029    1.005    2
      length[11]     0.000017    0.000000    0.000000    0.000050    0.000012    1.000    2
      length[12]     0.000017    0.000000    0.000000    0.000054    0.000012    1.000    2
      length[13]     0.000084    0.000000    0.000022    0.000163    0.000077    1.001    2
      length[14]     0.000018    0.000000    0.000000    0.000057    0.000013    1.000    2
      length[15]     0.000076    0.000000    0.000013    0.000153    0.000071    1.000    2
      length[16]     0.000017    0.000000    0.000000    0.000050    0.000012    1.002    2
      length[17]     0.000018    0.000000    0.000000    0.000052    0.000012    1.000    2
      length[18]     0.000035    0.000000    0.000001    0.000087    0.000028    1.006    2
      length[19]     0.000018    0.000000    0.000000    0.000053    0.000012    1.003    2
      length[20]     0.000018    0.000000    0.000000    0.000051    0.000012    1.000    2
      length[21]     0.000053    0.000000    0.000006    0.000110    0.000049    1.001    2
      length[22]     0.000017    0.000000    0.000000    0.000050    0.000012    1.001    2
      length[23]     0.000103    0.000000    0.000027    0.000184    0.000098    1.000    2
      length[24]     0.000018    0.000000    0.000000    0.000054    0.000012    1.002    2
      length[25]     0.000086    0.000000    0.000021    0.000158    0.000079    1.002    2
      length[26]     0.000068    0.000000    0.000015    0.000133    0.000063    1.003    2
      length[27]     0.000085    0.000000    0.000022    0.000163    0.000080    1.001    2
      length[28]     0.000034    0.000000    0.000001    0.000081    0.000029    1.000    2
      length[29]     0.000018    0.000000    0.000000    0.000054    0.000012    1.000    2
      length[30]     0.000035    0.000000    0.000000    0.000079    0.000030    1.000    2
      length[31]     0.000052    0.000000    0.000005    0.000110    0.000046    1.001    2
      length[32]     0.000035    0.000000    0.000001    0.000083    0.000030    1.005    2
      length[33]     0.000087    0.000000    0.000023    0.000166    0.000083    1.003    2
      length[34]     0.000067    0.000000    0.000013    0.000132    0.000061    1.002    2
      length[35]     0.000034    0.000000    0.000001    0.000087    0.000028    1.005    2
      length[36]     0.000054    0.000000    0.000006    0.000120    0.000048    1.000    2
      length[37]     0.000035    0.000000    0.000001    0.000084    0.000029    1.001    2
      length[38]     0.000124    0.000000    0.000045    0.000214    0.000118    1.006    2
      length[39]     0.000069    0.000000    0.000011    0.000137    0.000063    1.002    2
      length[40]     0.000066    0.000000    0.000012    0.000138    0.000060    1.000    2
      length[41]     0.000036    0.000000    0.000001    0.000084    0.000030    1.000    2
      length[42]     0.000135    0.000000    0.000057    0.000237    0.000129    1.000    2
      length[43]     0.000035    0.000000    0.000001    0.000084    0.000029    1.003    2
      length[44]     0.000017    0.000000    0.000000    0.000050    0.000012    1.002    2
      length[45]     0.000125    0.000000    0.000047    0.000219    0.000118    1.004    2
      length[46]     0.000036    0.000000    0.000001    0.000085    0.000030    1.002    2
      length[47]     0.000082    0.000000    0.000020    0.000157    0.000078    1.005    2
      length[48]     0.000070    0.000000    0.000011    0.000142    0.000064    1.004    2
      length[49]     0.000053    0.000000    0.000006    0.000110    0.000049    1.003    2
      length[50]     0.000018    0.000000    0.000000    0.000054    0.000012    1.001    2
      length[51]     0.000017    0.000000    0.000000    0.000053    0.000011    1.001    2
      length[52]     0.000035    0.000000    0.000001    0.000083    0.000030    1.001    2
      length[53]     0.000018    0.000000    0.000000    0.000052    0.000012    1.000    2
      length[54]     0.000054    0.000000    0.000005    0.000117    0.000047    1.001    2
      length[55]     0.000071    0.000000    0.000009    0.000134    0.000067    1.000    2
      length[56]     0.000054    0.000000    0.000007    0.000114    0.000050    1.001    2
      length[57]     0.000109    0.000000    0.000034    0.000219    0.000099    1.000    2
      length[58]     0.000068    0.000000    0.000013    0.000127    0.000063    1.001    2
      length[59]     0.000036    0.000000    0.000001    0.000089    0.000030    1.003    2
      length[60]     0.000018    0.000000    0.000000    0.000053    0.000012    1.000    2
      length[61]     0.000106    0.000000    0.000035    0.000191    0.000099    1.003    2
      length[62]     0.000017    0.000000    0.000000    0.000049    0.000012    1.000    2
      length[63]     0.000017    0.000000    0.000000    0.000052    0.000012    1.000    2
      length[64]     0.000146    0.000000    0.000046    0.000257    0.000139    1.001    2
      length[65]     0.000036    0.000000    0.000001    0.000085    0.000030    1.000    2
      length[66]     0.000034    0.000000    0.000000    0.000083    0.000028    1.003    2
      length[67]     0.000070    0.000000    0.000013    0.000142    0.000064    1.004    2
      length[68]     0.000035    0.000000    0.000002    0.000087    0.000030    1.002    2
      length[69]     0.000018    0.000000    0.000000    0.000054    0.000012    1.001    2
      length[70]     0.000018    0.000000    0.000000    0.000055    0.000012    1.000    2
      length[71]     0.000018    0.000000    0.000000    0.000056    0.000013    1.001    2
      length[72]     0.000069    0.000000    0.000014    0.000143    0.000062    1.002    2
      length[73]     0.000035    0.000000    0.000001    0.000084    0.000029    1.004    2
      length[74]     0.000053    0.000000    0.000006    0.000116    0.000047    1.001    2
      length[75]     0.000035    0.000000    0.000001    0.000086    0.000028    1.000    2
      length[76]     0.000052    0.000000    0.000008    0.000111    0.000047    1.000    2
      length[77]     0.000036    0.000000    0.000001    0.000089    0.000030    1.003    2
      length[78]     0.000035    0.000000    0.000001    0.000079    0.000031    1.001    2
      length[79]     0.000071    0.000000    0.000015    0.000145    0.000066    1.001    2
      length[80]     0.000016    0.000000    0.000000    0.000047    0.000011    1.012    2
      length[81]     0.000036    0.000000    0.000001    0.000085    0.000030    1.000    2
      length[82]     0.000017    0.000000    0.000000    0.000049    0.000013    1.001    2
      length[83]     0.000018    0.000000    0.000000    0.000055    0.000012    1.000    2
      length[84]     0.000017    0.000000    0.000000    0.000051    0.000013    1.000    2
      length[85]     0.000018    0.000000    0.000000    0.000051    0.000013    1.000    2
      length[86]     0.000053    0.000000    0.000005    0.000115    0.000046    1.001    2
      length[87]     0.000018    0.000000    0.000000    0.000053    0.000012    1.000    2
      length[88]     0.000067    0.000000    0.000011    0.000137    0.000060    1.001    2
      length[89]     0.000070    0.000000    0.000013    0.000141    0.000065    1.001    2
      length[90]     0.000064    0.000000    0.000008    0.000132    0.000058    1.000    2
      length[91]     0.000053    0.000000    0.000005    0.000113    0.000047    1.000    2
      length[92]     0.000071    0.000000    0.000010    0.000143    0.000067    1.001    2
      length[93]     0.000017    0.000000    0.000000    0.000051    0.000011    1.001    2
      length[94]     0.000052    0.000000    0.000005    0.000110    0.000047    1.002    2
      length[95]     0.000050    0.000000    0.000005    0.000108    0.000044    1.001    2
      length[96]     0.000034    0.000000    0.000000    0.000083    0.000029    1.000    2
      length[97]     0.000034    0.000000    0.000001    0.000083    0.000028    1.001    2
      length[98]     0.000053    0.000000    0.000004    0.000120    0.000046    1.004    2
      length[99]     0.000051    0.000000    0.000003    0.000113    0.000044    1.000    2
      length[100]    0.000017    0.000000    0.000000    0.000053    0.000011    1.001    2
      length[101]    0.000034    0.000000    0.000001    0.000081    0.000029    1.002    2
      length[102]    0.000069    0.000000    0.000013    0.000137    0.000064    1.000    2
      length[103]    0.000051    0.000000    0.000007    0.000111    0.000045    1.002    2
      length[104]    0.000085    0.000000    0.000024    0.000161    0.000078    1.003    2
      length[105]    0.000035    0.000000    0.000001    0.000082    0.000030    1.005    2
      length[106]    0.000018    0.000000    0.000000    0.000052    0.000012    1.006    2
      length[107]    0.000103    0.000000    0.000034    0.000197    0.000097    1.001    2
      length[108]    0.000069    0.000000    0.000013    0.000136    0.000064    1.000    2
      length[109]    0.000068    0.000000    0.000014    0.000130    0.000063    1.001    2
      length[110]    0.000069    0.000000    0.000009    0.000129    0.000064    1.012    2
      length[111]    0.000089    0.000000    0.000014    0.000164    0.000084    1.002    2
      length[112]    0.000017    0.000000    0.000000    0.000049    0.000011    1.000    2
      length[113]    0.000017    0.000000    0.000000    0.000052    0.000012    1.007    2
      length[114]    0.000050    0.000000    0.000004    0.000106    0.000045    1.003    2
      length[115]    0.000053    0.000000    0.000005    0.000112    0.000047    1.003    2
      length[116]    0.000034    0.000000    0.000001    0.000082    0.000027    1.000    2
      length[117]    0.000153    0.000000    0.000061    0.000253    0.000148    1.000    2
      length[118]    0.000071    0.000000    0.000012    0.000146    0.000063    1.002    2
      length[119]    0.000142    0.000000    0.000048    0.000241    0.000137    1.025    2
      length[120]    0.000036    0.000000    0.000001    0.000090    0.000030    1.007    2
      length[121]    0.000141    0.000000    0.000051    0.000239    0.000134    1.000    2
      length[122]    0.000088    0.000000    0.000021    0.000166    0.000084    1.002    2
      length[123]    0.000069    0.000000    0.000012    0.000135    0.000063    1.000    2
      length[124]    0.000069    0.000000    0.000010    0.000137    0.000062    1.004    2
      length[125]    0.000069    0.000000    0.000008    0.000134    0.000063    1.003    2
      length[126]    0.000069    0.000000    0.000014    0.000139    0.000062    1.000    2
      length[127]    0.000083    0.000000    0.000022    0.000157    0.000078    1.001    2
      length[128]    0.000035    0.000000    0.000002    0.000085    0.000029    1.000    2
      length[129]    0.000051    0.000000    0.000004    0.000109    0.000045    1.000    2
      length[130]    0.000035    0.000000    0.000001    0.000082    0.000030    1.001    2
      length[131]    0.000035    0.000000    0.000001    0.000086    0.000029    1.000    2
      length[132]    0.000034    0.000000    0.000000    0.000079    0.000029    1.000    2
      length[133]    0.000034    0.000000    0.000001    0.000083    0.000028    1.003    2
      length[134]    0.000035    0.000000    0.000001    0.000081    0.000029    1.000    2
      length[135]    0.000034    0.000000    0.000001    0.000081    0.000028    1.003    2
      length[136]    0.000033    0.000000    0.000000    0.000080    0.000028    1.000    2
      length[137]    0.000034    0.000000    0.000001    0.000082    0.000029    1.002    2
      length[138]    0.000035    0.000000    0.000001    0.000082    0.000029    1.000    2
      length[139]    0.000036    0.000000    0.000002    0.000084    0.000030    1.001    2
      length[140]    0.000036    0.000000    0.000000    0.000087    0.000030    1.001    2
      length[141]    0.000032    0.000000    0.000001    0.000080    0.000027    1.000    2
      length[142]    0.000034    0.000000    0.000001    0.000081    0.000028    1.000    2
      length[143]    0.000041    0.000000    0.000001    0.000095    0.000035    1.000    2
      length[144]    0.000037    0.000000    0.000001    0.000087    0.000032    1.000    2
      length[145]    0.000033    0.000000    0.000000    0.000079    0.000028    1.000    2
      length[146]    0.000036    0.000000    0.000000    0.000092    0.000030    1.000    2
      length[147]    0.000036    0.000000    0.000001    0.000085    0.000030    1.001    2
      length[148]    0.000035    0.000000    0.000000    0.000090    0.000029    1.001    2
      length[149]    0.000036    0.000000    0.000000    0.000092    0.000029    1.000    2
      length[150]    0.000060    0.000000    0.000000    0.000135    0.000054    1.000    2
      length[151]    0.000018    0.000000    0.000000    0.000053    0.000012    1.002    2
      length[152]    0.000018    0.000000    0.000000    0.000052    0.000012    1.000    2
      length[153]    0.000018    0.000000    0.000000    0.000053    0.000012    1.001    2
      length[154]    0.000016    0.000000    0.000000    0.000049    0.000012    1.002    2
      length[155]    0.000018    0.000000    0.000000    0.000056    0.000012    1.000    2
      length[156]    0.000017    0.000000    0.000000    0.000050    0.000012    1.000    2
      length[157]    0.000017    0.000000    0.000000    0.000054    0.000012    1.001    2
      length[158]    0.000017    0.000000    0.000000    0.000049    0.000012    1.001    2
      length[159]    0.000017    0.000000    0.000000    0.000051    0.000011    1.002    2
      length[160]    0.000018    0.000000    0.000000    0.000052    0.000012    1.002    2
      length[161]    0.000017    0.000000    0.000000    0.000049    0.000011    1.000    2
      length[162]    0.000018    0.000000    0.000000    0.000051    0.000012    1.002    2
      length[163]    0.000017    0.000000    0.000000    0.000048    0.000012    1.002    2
      length[164]    0.000017    0.000000    0.000000    0.000051    0.000011    1.007    2
      length[165]    0.000016    0.000000    0.000000    0.000047    0.000011    1.000    2
      length[166]    0.000026    0.000000    0.000000    0.000072    0.000019    1.002    2
      length[167]    0.000026    0.000000    0.000000    0.000069    0.000021    1.003    2
      length[168]    0.000020    0.000000    0.000000    0.000061    0.000014    1.000    2
      length[169]    0.000020    0.000000    0.000000    0.000063    0.000014    1.003    2
      length[170]    0.000020    0.000000    0.000000    0.000060    0.000013    1.005    2
      length[171]    0.000018    0.000000    0.000000    0.000057    0.000013    1.000    2
      length[172]    0.000019    0.000000    0.000000    0.000057    0.000013    1.000    2
      length[173]    0.000018    0.000000    0.000000    0.000057    0.000012    1.002    2
      length[174]    0.000017    0.000000    0.000000    0.000051    0.000011    1.000    2
      length[175]    0.000017    0.000000    0.000000    0.000048    0.000011    1.001    2
      length[176]    0.000017    0.000000    0.000000    0.000052    0.000011    1.000    2
      length[177]    0.000018    0.000000    0.000000    0.000054    0.000013    1.000    2
      length[178]    0.000017    0.000000    0.000000    0.000052    0.000012    1.001    2
      length[179]    0.000017    0.000000    0.000000    0.000051    0.000012    1.005    2
      length[180]    0.000018    0.000000    0.000000    0.000056    0.000012    1.006    2
      length[181]    0.000019    0.000000    0.000000    0.000058    0.000013    1.000    2
      length[182]    0.000019    0.000000    0.000000    0.000055    0.000012    1.001    2
      length[183]    0.000017    0.000000    0.000000    0.000049    0.000012    1.001    2
      length[184]    0.000017    0.000000    0.000000    0.000052    0.000012    1.000    2
      length[185]    0.000018    0.000000    0.000000    0.000056    0.000013    1.000    2
      length[186]    0.000018    0.000000    0.000000    0.000053    0.000013    1.002    2
      length[187]    0.000018    0.000000    0.000000    0.000054    0.000013    1.003    2
      length[188]    0.000018    0.000000    0.000000    0.000052    0.000011    1.000    2
      length[189]    0.000017    0.000000    0.000000    0.000052    0.000011    1.003    2
      length[190]    0.000020    0.000000    0.000000    0.000058    0.000014    1.020    2
      length[191]    0.000018    0.000000    0.000000    0.000053    0.000012    1.002    2
      length[192]    0.000019    0.000000    0.000000    0.000055    0.000014    1.002    2
      length[193]    0.000017    0.000000    0.000000    0.000054    0.000011    1.000    2
      length[194]    0.000017    0.000000    0.000000    0.000051    0.000012    1.002    2
      length[195]    0.000018    0.000000    0.000000    0.000057    0.000012    1.005    2
      length[196]    0.000018    0.000000    0.000000    0.000052    0.000012    1.004    2
      length[197]    0.000018    0.000000    0.000000    0.000053    0.000013    1.000    2
      length[198]    0.000020    0.000000    0.000000    0.000057    0.000014    1.001    2
      length[199]    0.000018    0.000000    0.000000    0.000060    0.000012    1.002    2
      length[200]    0.000019    0.000000    0.000000    0.000053    0.000013    1.001    2
      length[201]    0.000018    0.000000    0.000000    0.000054    0.000012    1.000    2
      length[202]    0.000017    0.000000    0.000000    0.000051    0.000012    1.003    2
      length[203]    0.000016    0.000000    0.000000    0.000053    0.000011    1.000    2
      length[204]    0.000016    0.000000    0.000000    0.000052    0.000011    1.000    2
      length[205]    0.000019    0.000000    0.000000    0.000054    0.000013    1.001    2
      length[206]    0.000018    0.000000    0.000000    0.000055    0.000012    1.006    2
      length[207]    0.000029    0.000000    0.000000    0.000082    0.000022    1.000    2
      length[208]    0.000017    0.000000    0.000000    0.000047    0.000012    1.000    2
      length[209]    0.000017    0.000000    0.000000    0.000053    0.000012    1.000    2
      length[210]    0.000018    0.000000    0.000000    0.000048    0.000013    1.000    2
      length[211]    0.000018    0.000000    0.000000    0.000055    0.000013    1.011    2
      length[212]    0.000018    0.000000    0.000000    0.000051    0.000013    1.000    2
      length[213]    0.000018    0.000000    0.000000    0.000058    0.000012    1.000    2
      length[214]    0.000017    0.000000    0.000000    0.000051    0.000012    1.000    2
      length[215]    0.000017    0.000000    0.000000    0.000054    0.000011    1.000    2
      length[216]    0.000016    0.000000    0.000000    0.000051    0.000011    1.000    2
      length[217]    0.000017    0.000000    0.000000    0.000053    0.000012    1.001    2
      length[218]    0.000018    0.000000    0.000000    0.000059    0.000012    1.001    2
      length[219]    0.000017    0.000000    0.000000    0.000051    0.000011    1.000    2
      length[220]    0.000018    0.000000    0.000000    0.000056    0.000013    1.002    2
      length[221]    0.000018    0.000000    0.000000    0.000052    0.000013    1.001    2
      length[222]    0.000016    0.000000    0.000000    0.000049    0.000012    1.000    2
      length[223]    0.000017    0.000000    0.000000    0.000050    0.000012    1.001    2
      length[224]    0.000018    0.000000    0.000000    0.000051    0.000013    1.002    2
      length[225]    0.000018    0.000000    0.000000    0.000051    0.000012    1.001    2
      length[226]    0.000018    0.000000    0.000000    0.000048    0.000013    1.000    2
      length[227]    0.000016    0.000000    0.000000    0.000051    0.000011    1.000    2
      length[228]    0.000017    0.000000    0.000000    0.000050    0.000013    1.002    2
      length[229]    0.000017    0.000000    0.000000    0.000051    0.000012    1.001    2
      length[230]    0.000016    0.000000    0.000000    0.000050    0.000011    1.000    2
      length[231]    0.000018    0.000000    0.000000    0.000052    0.000013    1.001    2
      length[232]    0.000019    0.000000    0.000000    0.000060    0.000013    1.005    2
      length[233]    0.000017    0.000000    0.000000    0.000048    0.000013    1.000    2
      length[234]    0.000020    0.000000    0.000000    0.000062    0.000013    1.000    2
      length[235]    0.000017    0.000000    0.000000    0.000053    0.000013    1.000    2
      length[236]    0.000018    0.000000    0.000000    0.000058    0.000012    1.000    2
      length[237]    0.000017    0.000000    0.000000    0.000052    0.000011    1.005    2
      length[238]    0.000018    0.000000    0.000000    0.000052    0.000012    1.000    2
      length[239]    0.000018    0.000000    0.000000    0.000055    0.000012    1.004    2
      length[240]    0.000018    0.000000    0.000000    0.000054    0.000012    1.000    2
      length[241]    0.000019    0.000000    0.000000    0.000057    0.000012    1.000    2
      length[242]    0.000017    0.000000    0.000000    0.000060    0.000011    1.000    2
      length[243]    0.000017    0.000000    0.000000    0.000055    0.000011    1.000    2
      length[244]    0.000029    0.000000    0.000000    0.000072    0.000023    1.003    2
      length[245]    0.000019    0.000000    0.000000    0.000063    0.000014    1.005    2
      length[246]    0.000018    0.000000    0.000000    0.000052    0.000012    1.000    2
      length[247]    0.000018    0.000000    0.000000    0.000057    0.000012    1.002    2
      length[248]    0.000020    0.000000    0.000000    0.000054    0.000014    1.009    2
      length[249]    0.000017    0.000000    0.000000    0.000050    0.000012    1.000    2
      length[250]    0.000017    0.000000    0.000000    0.000053    0.000012    1.000    2
      length[251]    0.000035    0.000000    0.000000    0.000079    0.000032    1.001    2
      length[252]    0.000017    0.000000    0.000000    0.000051    0.000011    1.000    2
      length[253]    0.000041    0.000000    0.000000    0.000100    0.000034    1.004    2
      length[254]    0.000038    0.000000    0.000001    0.000087    0.000033    1.019    2
      length[255]    0.000033    0.000000    0.000001    0.000093    0.000026    1.016    2
      ---------------------------------------------------------------------------------------
      + Convergence diagnostic (PSRF = Potential Scale Reduction Factor; Gelman
        and Rubin, 1992) should approach 1.0 as runs converge. NA is reported when
        deviation of parameter values within all runs is 0 or when a parameter
        value (a branch length, for instance) is not sampled in all runs.


      Summary statistics for partitions with frequency >= 0.10 in at least one run:
          Average standard deviation of split frequencies = 0.009769
          Maximum standard deviation of split frequencies = 0.084464
          Average PSRF for parameter values (excluding NA and >10.0) = 1.002
          Maximum PSRF for parameter values = 1.025


      Clade credibility values:

      Subtree rooted at node 195:

                                                                 /----- MT304491 (3)
                                                            /--8-+                    
                                                            |    \----- MT520438 (35)
                                                       /--1-+                         
                                                       |    |    /----- MT512437 (14)
                                                       |    \--6-+                    
                                                  /--1-+         \----- MT370883 (29)
                                                  |    |                              
                                                  |    |         /----- MT614537 (17)
                                                  |    \----7----+                    
                                             /--8-+              \----- MT520444 (49)
                                             |    |                                   
                                             |    |              /----- MT558658 (89)
                                             |    \-------8------+                    
                                             |                   \----- MT679196 (119)
                                        /-97-+                                        
                                        |    |    /-------------------- MT632871 (59)
                                        |    |    |                                   
                                        |    |    |    /--------------- MT641613 (87)
                                        |    \-99-+    |                              
                                        |         |    |         /----- MT642152 (100)
                                        |         \-100+    /-100+                    
                                        |              |    |    \----- MT642182 (112)
                                    /-20+              \-34-+                         
                                    |   |                   \---------- MT642146 (114)
                                    |   |                                             
                                    |   |                        /----- MT325632 (5)
                                    |   |         /------35------+                    
                                    |   |         |              \----- MT520509 (11)
                                    |   |         |                                   
                                    |   |         |              /----- MT520535 (32)
                /---------19--------+   \----99---+         /-22-+                    
                |                   |             |         |    \----- MT551605 (88)
                |                   |             |    /-22-+                         
                |                   |             |    |    \---------- MT680234 (93)
                |                   |             \-100+                              
                |                   |                  \--------------- MT520455 (44)
                |                   |                                                 
                |                   \---------------------------------- MT628132 (36)
                |                                                                     
                |                                                /----- MT627420 (16)
                |                                 /------99------+                    
                |                                 |              \----- MT614481 (24)
                |                                 |                                   
                |                                 |              /----- MT627435 (20)
                |                            /--3-+         /-21-+                    
                |                            |    |         |    \----- MT520437 (55)
                |                            |    |    /-21-+                         
                |                            |    |    |    \---------- MT628204 (190)
                |              /------0------+    \-100+                              
                |              |             |         \--------------- MT533209 (94)
                |              |             |                                        
                |              |             |                   /----- MT646076 (26)
                |              |             \---------2---------+                    
                |              |                                 \----- MT577618 (140)
                |              |                                                      
                |              |                                 /----- MT614559 (19)
                |              |                  /-------2------+                    
                |              |                  |              \----- MT585028 (160)
                |              |                  |                                   
                |              |                  |              /----- MT326140 (34)
                |              |             /--0-+         /-67-+                    
                |              |             |    |         |    \----- MT326159 (39)
                |              |             |    |    /-51-+                         
                |              |             |    |    |    \---------- MT326058 (47)
                |              |------0------+    \--8-+                              
                |              |             |         \--------------- MT533237 (67)
                |              |             |                                        
                |              |             |                   /----- MT585019 (150)
                |              |             \---------1---------+                    
                |              |                                 \----- MT585064 (180)
                |              |                                                      
                |              |                                 /----- MT509471 (28)
                |              |                  /-------2------+                    
                |              |                  |              \----- MT641612 (84)
                |              |                  |                                   
                |              |                  |              /----- MT632849 (56)
                |              |                  |         /-21-+                    
                |              |---------0--------+         |    \----- MT631791 (96)
                |              |                  |    /-100+                         
                |              |                  |    |    |    /----- MT631817 (68)
                |              |                  |    |    \-22-+                    
                |              |                  \--2-+         \----- MT628158 (130)
           /-100+              |                       |                              
           |    |              |                       \--------------- MT512645 (116)
           |    |              |                                                      
           |    |              |                                 /----- MT520342 (43)
           |    |              |             /---------2---------+                    
           |    |              |             |                   \----- MT628140 (50)
           |    |         /--0-+             |                                        
           |    |         |    |             |                   /----- MT412327 (64)
           |    |         |    |             |              /-57-+                    
           |    |         |    |------0------+              |    \----- MT412271 (74)
           |    |         |    |             |         /-20-+                         
           |    |         |    |             |         |    \---------- MT679171 (118)
           |    |         |    |             |    /-16-+                              
           |    |         |    |             |    |    \--------------- MT558675 (91)
           |    |         |    |             \--3-+                                   
           |    |         |    |                  \-------------------- MT628097 (79)
           |    |         |    |                                                      
           |    |         |    |                                 /----- MT628243 (51)
           |    |         |    |----------------2----------------+                    
           |    |         |    |                                 \----- MT671826 (70)
           |    |         |    |                                                      
           |    |         |    |                       /--------------- MT507796 (65)
           |    |         |    |                       |                              
           |    |         |    |                       |         /----- MT585092 (72)
           |    |         |    |                  /-22-+    /-34-+                    
           |    |         |    |                  |    |    |    \----- MT585104 (76)
           |    |         |    |                  |    \-99-+                         
           |    |         |    |             /-28-+         \---------- MT432195 (80)
           |    |         |    |             |    |                                   
           |    |         |    |        /-64-+    \-------------------- MT585099 (75)
           |    |         |    |        |    |                                        
           |    |         |    |    /-9-+    \------------------------- MT628168 (111)
           |    |         |    |    |   |                                             
           |    |         |    |--1-+   \------------------------------ MT577612 (110)
           |    |    /-13-+    |    |                                                 
           |    |    |    |    |    \---------------------------------- MT620769 (99)
           |    |    |    |    |                                                      
      --34-+    |    |    |    |                                 /----- MT520330 (66)
           |    |    |    |    |                            /-98-+                    
           |    |    |    |    |                            |    \----- MT520251 (71)
           |    |    |    |    |--------------2-------------+                         
           |    |    |    |    |                            |    /----- MT506997 (85)
           |    |    |    |    |                            \-97-+                    
           |    |    |    |    |                                 \----- MT558660 (90)
           |    |    |    |    |                                                      
           |    |    |    |    |                                 /----- MT628226 (73)
           |    |    |    |    \----------------2----------------+                    
           |    |    |    |                                      \----- MT507002 (86)
           |    |    |    |                                                           
           |    |    |    |                                      /----- MT263467 (25)
           |    |    |    |                       /-------8------+                    
           |    \-86-+    |                       |              \----- MT642268 (97)
           |         |    |                       |                                   
           |         |    |                       |              /----- MT632815 (58)
           |         |    |                  /--8-+         /--9-+                    
           |         |    |                  |    |         |    \----- MT642384 (113)
           |         |    |                  |    |    /--2-+                         
           |         |    |                  |    |    |    \---------- MT632933 (60)
           |         |    |                  |    \--1-+                              
           |         |    |             /-99-+         |         /----- MT412229 (63)
           |         |    |             |    |         \----9----+                    
           |         |    |             |    |                   \----- MT628050 (95)
           |         |    \------3------+    |                                        
           |         |                  |    \------------------------- MT642297 (115)
           |         |                  |                                             
           |         |                  \------------------------------ MT499191 (46)
           |         |                                                                
           |         \------------------------------------------------- MT632774 (57)
           |                                                                          
           |                                                     /----- MT499180 (48)
           |                                                /-21-+                    
           |                                                |    \----- MT641578 (77)
           |                                           /-21-+                         
           |                                           |    \---------- MT609589 (92)
           \--------------------100--------------------+                              
                                                       \--------------- MT609572 (117)
                                                                                      
      Root part of tree:

      /---------------------------------------------------------------- MT598633 (1)
      |                                                                               
      |---------------------------------------------------------------- MT627632 (9)
      |                                                                               
      |                                                        /------- MT370904 (2)
      |                                                 /--35--+                      
      |                                                 |      \------- MT499206 (27)
      |                                          /--100-+                             
      |                                          |      \-------------- MT509467 (42)
      |                                   /--22--+                                    
      |                                   |      \--------------------- MT499194 (30)
      |                                   |                                           
      |                           /--100--+                    /------- (195)
      |                           |       |             /--100-+                      
      |                           |       |             |      \------- MT325599 (6)
      |                           |       \------22-----+                             
      |                           |                     |      /------- MT534323 (82)
      |                           |                     \--100-+                      
      |                           |                            \------- MT534336 (83)
      |                    /--100-+                                                   
      |                    |      |                            /------- MT325623 (8)
      |                    |      |                     /--21--+                      
      |                    |      |                     |      \------- MT646100 (38)
      |                    |      |              /--22--+                             
      |                    |      |              |      |      /------- MT614557 (18)
      |             /---3--+      |              |      \--100-+                      
      |             |      |      \------100-----+             \------- MT509486 (31)
      |             |      |                     |                                    
      |             |      |                     \--------------------- MT512425 (10)
      |             |      |                                                          
      +             |      \------------------------------------------- MT627246 (4)
      |             |                                                                 
      |             |                                          /------- MT325609 (7)
      |             |                                   /---3--+                      
      |             |                                   |      \------- MT633029 (69)
      |             |             /----------0----------+                             
      |             |             |                     |      /------- MT326053 (45)
      |             |             |                     \---2--+                      
      |             |             |                            \------- MT633020 (62)
      |             |             |                                                   
      |      /---0--+             |                            /------- MT605817 (12)
      |      |      |             |              /------3------+                      
      |      |      |             |              |             \------- MT641608 (78)
      |      |      |             |              |                                    
      |      |      |             |-------0------+      /-------------- MT627437 (21)
      |      |      |             |              |      |                             
      |      |      |             |              \---0--+      /------- MT633015 (53)
      |      |      |             |                     \---3--+                      
      |      |      |             |                            \------- MT642343 (98)
      |      |      |             |                                                   
      |      |      |             |                     /-------------- MT252803 (13)
      |      |      |             |                     |                             
      |      |      |             |----------2----------+      /------- MT641548 (81)
      |      |      |             |                     \--98--+                      
      |      |      \------0------+                            \------- MT642121 (110)
      |      |                    |                                                   
      |      |                    |                            /------- MT412252 (15)
      |      |                    |                     /--31--+                      
      |      |                    |                     |      \------- MT263447 (23)
      |      |                    |              /--52--+                             
      \---3--+                    |              |      \-------------- MT412243 (120)
             |                    |       /--10--+                                    
             |                    |       |      \--------------------- MT326135 (33)
             |                    |---1---+                                           
             |                    |       |                    /------- MT326172 (40)
             |                    |       \----------3---------+                      
             |                    |                            \------- MT358726 (54)
             |                    |                                                   
             |                    |                            /------- MT632552 (22)
             |                    |                     /--98--+                      
             |                    |                     |      \------- MT632514 (37)
             |                    |              /---3--+                             
             |                    |              |      \-------------- MT632840 (61)
             |                    \-------0------+                                    
             |                                   |             /------- MT632927 (52)
             |                                   \------3------+                      
             |                                                 \------- MT642129 (170)
             |                                                                        
             |                                                 /------- MT499183 (41)
             \------------------------2------------------------+                      
                                                               \------- MT642346 (120)
                                                                                      

      Phylogram (based on average branch lengths):

      /- MT598633 (1)
      |                                                                               
      |- MT627632 (9)
      |                                                                               
      |                    /-------------- MT370904 (2)
      |                   /+                                                          
      |                   |\--------- MT499206 (27)
      |                /--+                                                           
      |                |  \-------------- MT509467 (42)
      |               /+                                                              
      |               |\--- MT499194 (30)
      |               |                                                               
      |               |                       /- MT304491 (3)
      |               |                      /+                                       
      |               |                      |\--- MT520438 (35)
      |               |                     /+                                        
      |               |                     ||/- MT512437 (14)
      |               |                     |\+                                       
      |               |                    /+ \- MT370883 (29)
      |               |                    ||                                         
      |               |                    || /- MT614537 (17)
      |               |                    |\-+                                       
      |               |                   /+  \----- MT520444 (49)
      |               |                   ||                                          
      |               |                   || /------ MT558658 (89)
      |               |                   |\-+                                        
      |               |                   |  \-------------- MT679196 (119)
      |               |               /---+                                           
      |               |               |   |  /--- MT632871 (59)
      |               |               |   |  |                                        
      |               |               |   |  |  /- MT641613 (87)
      |               |               |   \--+  |                                     
      |               |               |      |  |   /- MT642152 (100)
      |               |               |      \--+/--+                                 
      |               |               |         ||  \- MT642182 (112)
      |               |              /+         \+                                    
      |               |              ||          \----- MT642146 (114)
      |               |              ||                                               
      |               |              ||    /- MT325632 (5)
      |               |              ||  /-+                                          
      |               |              ||  | \- MT520509 (11)
      |               |              ||  |                                            
      |               |              ||  |     /--- MT520535 (32)
      |               |             /+\--+   /-+                                      
      |               |             ||   |   | \------ MT551605 (88)
      |               |             ||   |  /+                                        
      |               |             ||   |  |\-- MT680234 (93)
      |               |             ||   \--+                                         
      |               |             ||      \-- MT520455 (44)
      |               |             ||                                                
      |               |             |\----- MT628132 (36)
      |               |             |                                                 
      |               |             |            /- MT627420 (16)
      |               |             |         /--+                                    
      |               |             |         |  \- MT614481 (24)
      |               |             |         |                                       
      |               |             |         |        /- MT627435 (20)
      |               |             |       /-+      /-+                              
      |               |             |       | |      | \------- MT520437 (55)
      |               |             |       | |     /+                                
      |               |             |       | |     |\------- MT628204 (190)
      |               |             |       | \-----+                                 
      |               |             |       |       \----- MT533209 (94)
      |               |             |       |                                         
      |               |             |       | /------ MT646076 (26)
      |               |             |       |-+                                       
      |               |             |       | \-------- MT577618 (140)
      |               |             |       |                                         
      |               |             |       |     /- MT614559 (19)
      |               |             |       |    /+                                   
      |               |             |       |    |\- MT585028 (160)
      |               |             |       |    |                                    
      |               |             |       |    |              /------ MT326140 (34)
      |               |             |       |/---+          /---+                     
      |               |             |       ||   |          |   \------ MT326159 (39)
      |               |             |       ||   |     /----+                         
      |               |             |       ||   |     |    \--------- MT326058 (47)
      |               |             |       |+   \-----+                              
      |               |             |       ||         \------ MT533237 (67)
      |               |             |       ||                                        
      |               |             |       || /--- MT585019 (150)
      |               |             |       |\-+                                      
      |               |             |       |  \------- MT585064 (180)
      |               |             |       |                                         
      |               |             |       | /--- MT509471 (28)
      |               |             |       |/+                                       
      |               |             |       ||\- MT641612 (84)
      |          /----+             |       ||                                        
      |          |    |             |       ||    /----- MT632849 (56)
      |          |    |             |       ||   /+                                   
      |          |    |             |       |+   |\--- MT631791 (96)
      |          |    |             |       ||/--+                                    
      |          |    |             |       |||  |/--- MT631817 (68)
      |          |    |             |       |||  \+                                   
      |          |    |             |       |\+   \----- MT628158 (130)
      |          |    |          /--+       | |                                       
      |          |    |          |  |       | \--- MT512645 (116)
      |          |    |          |  |       |                                         
      |          |    |          |  |       |  /---- MT520342 (43)
      |          |    |          |  |       | /+                                      
      |          |    |          |  |       | |\-- MT628140 (50)
      |          |    |          |  |     /-+ |                                       
      |          |    |          |  |     | | |         /--------------- MT412327 (64)
      |          |    |          |  |     | | |      /--+                             
      |          |    |          |  |     | |-+      |  \----- MT412271 (74)
      |          |    |          |  |     | | |    /-+                                
      +          |    |          |  |     | | |    | \------- MT679171 (118)
      |          |    |          |  |     | | |  /-+                                  
      |          |    |          |  |     | | |  | \----- MT558675 (91)
      |          |    |          |  |     | | \--+                                    
      |          |    |          |  |     | |    \------- MT628097 (79)
      |          |    |          |  |     | |                                         
      |          |    |          |  |     | |/- MT628243 (51)
      |          |    |          |  |     | |+                                        
      |          |    |          |  |     | |\- MT671826 (70)
      |          |    |          |  |     | |                                         
      |          |    |          |  |     | |           /--- MT507796 (65)
      |          |    |          |  |     | |           |                             
      |          |    |          |  |     | |           |   /------- MT585092 (72)
      |          |    |          |  |     | |          /+  /+                         
      |          |    |          |  |     | |          ||  |\----- MT585104 (76)
      |          |    |          |  |     | |          |\--+                          
      |          |    |          |  |     | |        /-+   \- MT432195 (80)
      |          |    |          |  |     | |        | |                              
      |          |    |          |  |     | |    /---+ \--- MT585099 (75)
      |          |    |          |  |     | |    |   |                                
      |          |    |          |  |     | | /--+   \-------- MT628168 (111)
      |          |    |          |  |     | | |  |                                    
      |          |    |          |  |     | |-+  \--- MT577612 (110)
      |          |    |          |  |  /--+ | |                                       
      |          |    |          |  |  |  | | \----- MT620769 (99)
      |          |    |          |  |  |  | |                                         
      |          |    |         /+  |  |  | |   /--- MT520330 (66)
      |          |    |         ||  |  |  | |/--+                                     
      |          |    |         ||  |  |  | ||  \- MT520251 (71)
      |          |    |         ||  |  |  | |+                                        
      |   /------+    |         ||  |  |  | ||   /- MT506997 (85)
      |   |      |    |         ||  |  |  | |\---+                                    
      |   |      |    |         ||  |  |  | |    \------ MT558660 (90)
      |   |      |    |         ||  |  |  | |                                         
      |   |      |    |         ||  |  |  | | /--- MT628226 (73)
      |   |      |    |         ||  |  |  | \-+                                       
      |   |      |    |         ||  |  |  |   \---- MT507002 (86)
      |   |      |    |         ||  |  |  |                                           
      |   |      |    |         ||  |  |  |      /--------- MT263467 (25)
      |   |      |    |         ||  |  |  |     /+                                    
      |   |      |    |         ||  \--+  |     |\--- MT642268 (97)
      |   |      |    |         ||     |  |     |                                     
      |   |      |    |         ||     |  |     |   /------- MT632815 (58)
      |   |      |    |         ||     |  |    /+  /+                                 
      |   |      |    |         ||     |  |    ||  |\- MT642384 (113)
      |   |      |    |         ||     |  |    || /+                                  
      |   |      |    |/--------+|     |  |    || |\- MT632933 (60)
      |   |      |    ||        ||     |  |    |\-+                                   
      |   |      |    ||        ||     |  | /--+  |/- MT412229 (63)
      |   |      |    ||        ||     |  | |  |  \+                                  
      |   |      |    ||        ||     |  | |  |   \----- MT628050 (95)
      |   |      |    ||        ||     |  \-+  |                                      
      |   |      |    ||        ||     |    |  \----- MT642297 (115)
      |   |      |    ||        ||     |    |                                         
      |   |      |    ||        ||     |    \--- MT499191 (46)
      |   |      |    ||        ||     |                                              
      |  /+      |    ||        ||     \---------- MT632774 (57)
      |  ||      |    ||        ||                                                    
      |  ||      |    \+        ||        /------- MT499180 (48)
      |  ||      |     |        ||       /+                                           
      |  ||      |     |        ||       |\--- MT641578 (77)
      |  ||      |     |        ||     /-+                                            
      |  ||      |     |        ||     | \------- MT609589 (92)
      |  ||      |     |        |\-----+                                              
      |  ||      |     |        |      \---------------- MT609572 (117)
      |  ||      |     |        |                                                     
      |  ||      |     |        \---- MT325599 (6)
      |  ||      |     |                                                              
      |  ||      |     |       /- MT534323 (82)
      |  ||      |     \-------+                                                      
      |  ||      |             \- MT534336 (83)
      |  ||      |                                                                    
      |  ||      |                /- MT325623 (8)
      |  ||      |              /-+                                                   
      |  ||      |              | \------------ MT646100 (38)
      |  ||      |             /+                                                     
      |  ||      |             ||      /--- MT614557 (18)
      |  ||      |             |\------+                                              
      |  ||      \-------------+       \----- MT509486 (31)
      |  ||                    |                                                      
      |  ||                    \--- MT512425 (10)
      |/-+|                                                                           
      || |\--- MT627246 (4)
      || |                                                                            
      || |   /- MT325609 (7)
      || | /-+                                                                        
      || | | \- MT633029 (69)
      || |/+                                                                          
      || |||/------------- MT326053 (45)
      || ||\+                                                                         
      || || \-- MT633020 (62)
      || ||                                                                           
      || ||  /-- MT605817 (12)
      || || /+                                                                        
      || || |\---- MT641608 (78)
      || || |                                                                         
      || ||-+/----- MT627437 (21)
      || || ||                                                                        
      || || \+/-- MT633015 (53)
      || ||  \+                                                                       
      || ||   \----- MT642343 (98)
      || ||                                                                           
      || || /-------- MT252803 (13)
      || || |                                                                         
      || ||-+  /--- MT641548 (81)
      || || \--+                                                                      
      \+ \+    \------- MT642121 (110)
       |  |                                                                           
       |  |            /------- MT412252 (15)
       |  |          /-+                                                              
       |  |          | \---------- MT263447 (23)
       |  |       /--+                                                                
       |  |       |  \--- MT412243 (120)
       |  |   /---+                                                                   
       |  |   |   \-------- MT326135 (33)
       |  |---+                                                                       
       |  |   | /------ MT326172 (40)
       |  |   \-+                                                                     
       |  |     \----- MT358726 (54)
       |  |                                                                           
       |  |    /- MT632552 (22)
       |  | /--+                                                                      
       |  | |  \--- MT632514 (37)
       |  |/+                                                                         
       |  ||\---------- MT632840 (61)
       |  \+                                                                          
       |   |/--- MT632927 (52)
       |   \+                                                                         
       |    \---------- MT642129 (170)
       |                                                                              
       | /--- MT499183 (41)
       \-+                                                                            
         \------ MT642346 (120)
                                                                                      
      |---------| 0.000 expected changes per site

      Calculating tree probabilities...

      Credible sets of trees (15002 trees sampled):
         50 % credible set contains 7501 trees
         90 % credible set contains 13502 trees
         95 % credible set contains 14252 trees
         99 % credible set contains 14852 trees

      Using relative burnin (a fraction of samples discarded).
      Setting burnin fraction to 0.25
      Summarizing parameters in files results/sarscov2_usa_early2020/sarscov2_usa_early2020_mb.run1.p and results/sarscov2_usa_early2020/sarscov2_usa_early2020_mb.run2.p
      Writing summary statistics to file results/sarscov2_usa_early2020/sarscov2_usa_early2020_mb.pstat
      Using relative burnin ('relburnin=yes'), discarding the first 25 % of samples

      Below are rough plots of the generation (x-axis) versus the log   
      probability of observing the data (y-axis). You can use these     
      graphs to determine what the burn in for your analysis should be. 
      When the log probability starts to plateau you may be at station- 
      arity. Sample trees and parameters after the log probability      
      plateaus. Of course, this is not a guarantee that you are at sta- 
      tionarity. Also examine the convergence diagnostics provided by   
      the 'sump' and 'sumt' commands for all the parameters in your     
      model. Remember that the burn in is the number of samples to dis- 
      card. There are a total of ngen / samplefreq samples taken during 
      a MCMC analysis.                                                  

      Overlay plot for both runs:
      (1 = Run number 1; 2 = Run number 2; * = Both runs)

      +------------------------------------------------------------+ -43617.73
      |                           11                               |
      |                                           2                |
      |       1                    2     2       1                 |
      |      2     2 *      1          1  1     12        2 2      |
      |    2     2*1   11    2      11                     2       |
      |2  2  1 1         2 12    12     2  2      1  2     1    2  |
      |1 2      11  1     1    1         1 12          1 1   2   11|
      | *  1*       2 *  1             2  2  2222  1  *   1        |
      |   1     2      2      2       1 1   1 11       2      11   |
      |                 2  2    *   2 2      1      2   22   12 1 2|
      |  1    22                     2             2 1  1      2 2 |
      |                   2      2                                 |
      |                      112                    1              |
      |                                                            |
      |                                                     1      |
      +------+-----+-----+-----+-----+-----+-----+-----+-----+-----+ -43641.74
      ^                                                            ^
      200000                                                       800000


      Estimated marginal likelihoods for runs sampled in files
         "results/sarscov2_usa_early2020/sarscov2_usa_early2020_mb.run1.p" and "results/sarscov2_usa_early2020/sarscov2_usa_early2020_mb.run2.p":
         (Use the harmonic mean for Bayes factor comparisons of models)

         (Values are saved to the file results/sarscov2_usa_early2020/sarscov2_usa_early2020_mb.lstat)

      Run   Arithmetic mean   Harmonic mean
      --------------------------------------
        1     -43605.77        -43664.97
        2     -43606.04        -43669.62
      --------------------------------------
      TOTAL   -43605.89        -43668.93
      --------------------------------------


      Model parameter summaries over the runs sampled in files
         "results/sarscov2_usa_early2020/sarscov2_usa_early2020_mb.run1.p" and "results/sarscov2_usa_early2020/sarscov2_usa_early2020_mb.run2.p":
         Summaries are based on a total of 15002 samples from 2 runs.
         Each run produced 10001 samples of which 7501 samples were included.
         Parameter summaries saved to file "results/sarscov2_usa_early2020/sarscov2_usa_early2020_mb.pstat".

                                            95% HPD Interval
                                          --------------------
      Parameter      Mean      Variance     Lower       Upper       Median    min ESS*  avg ESS    PSRF+ 
      --------------------------------------------------------------------------------------------------
      TL          0.008908    0.000000    0.007804    0.010013    0.008898   4535.72   4651.05    1.000
      r(A<->C)    0.058608    0.000205    0.032938    0.088574    0.057506    852.09    859.65    1.000
      r(A<->G)    0.189085    0.000568    0.140629    0.232959    0.188625    715.48    723.31    1.001
      r(A<->T)    0.032979    0.000077    0.017119    0.050142    0.032334    874.88    978.21    1.000
      r(C<->G)    0.055568    0.000274    0.027106    0.088805    0.054068    564.09    617.54    1.002
      r(C<->T)    0.512999    0.000952    0.454159    0.572818    0.512668    621.87    654.40    1.000
      r(G<->T)    0.150761    0.000433    0.113271    0.194357    0.149346    700.77    774.37    1.001
      pi(A)       0.299838    0.000006    0.294714    0.305064    0.299833    281.77    302.38    1.000
      pi(C)       0.182474    0.000005    0.178218    0.186877    0.182457    295.03    299.93    1.000
      pi(G)       0.195459    0.000005    0.191292    0.200295    0.195565    354.69    358.08    1.000
      pi(T)       0.322230    0.000007    0.317265    0.327394    0.322283    324.75    353.37    1.000
      alpha       0.850859    0.691158    0.001284    2.496904    0.603504    532.54    664.26    1.000
      pinvar      0.805694    0.007424    0.631645    0.928119    0.825848    359.01    457.58    1.000
      --------------------------------------------------------------------------------------------------
      * Convergence diagnostic (ESS = Estimated Sample Size); min and avg values
        correspond to minimal and average ESS among runs. 
        ESS value below 100 may indicate that the parameter is undersampled. 
      + Convergence diagnostic (PSRF = Potential Scale Reduction Factor; Gelman
        and Rubin, 1992) should approach 1.0 as runs converge.


   Exiting mrbayes block
   Reached end of file

   Tasks completed, exiting program because mode is noninteractive
   To return control to the command line after completion of file processing, 
   set mode to interactive with 'mb -i <filename>' (i is for interactive)
   or use 'set mode=interactive'

