

                            MrBayes 3.2.7a x86_64

                      (Bayesian Analysis of Phylogeny)

              Distributed under the GNU General Public License


               Type "help" or "help <command>" for information
                     on the commands that are available.

                   Type "about" for authorship and general
                       information about the program.



   Executing file "results/h5n1_dairy_cattle_2024/h5n1_dairy_cattle_2024_mb.mb.nex"
   UNIX line termination
   Longest line length = 77
   Parsing file
   Expecting NEXUS formatted file
   Reading mrbayes block
      Setting autoclose to yes
      Setting nowarnings to yes
      Setting seed to 42
      Setting swapseed to 42

      Executing file "datasets/h5n1_dairy_cattle_2024/analysis.nex"...

   UNIX line termination
   Longest line length = 1769
   Parsing file
   Expecting NEXUS formatted file
   Reading data block
      Allocated taxon set
      Allocated matrix
      Defining new matrix with 110 taxa and 1754 characters
      Data is Dna
      Missing data coded as ?
      Gaps coded as -
      Taxon   1 -> PP748207
      Taxon   2 -> PP748223
      Taxon   3 -> PQ106997
      Taxon   4 -> PQ241100
      Taxon   5 -> PP756045
      Taxon   6 -> PP755997
      Taxon   7 -> PV839281
      Taxon   8 -> PP753021
      Taxon   9 -> PP752608
      Taxon  10 -> PV459280
      Taxon  11 -> PV459288
      Taxon  12 -> PV459304
      Taxon  13 -> PV643554
      Taxon  14 -> PQ011795
      Taxon  15 -> PQ011811
      Taxon  16 -> PP755813
      Taxon  17 -> PQ832381
      Taxon  18 -> PQ274814
      Taxon  19 -> PP799563
      Taxon  20 -> PQ168164
      Taxon  21 -> PV459240
      Taxon  22 -> PQ011243
      Taxon  23 -> PQ832213
      Taxon  24 -> PV459528
      Taxon  25 -> PQ832557
      Taxon  26 -> PQ168084
      Taxon  27 -> PQ377639
      Taxon  28 -> PQ379135
      Taxon  29 -> PQ379527
      Taxon  30 -> PQ379543
      Taxon  31 -> PQ379375
      Taxon  32 -> PV132430
      Taxon  33 -> PQ378839
      Taxon  34 -> PQ423562
      Taxon  35 -> PQ482153
      Taxon  36 -> PV572609
      Taxon  37 -> PQ828205
      Taxon  38 -> PQ843590
      Taxon  39 -> PQ843622
      Taxon  40 -> PV792141
      Taxon  41 -> PV845829
      Taxon  42 -> PQ843678
      Taxon  43 -> PQ828509
      Taxon  44 -> PQ828909
      Taxon  45 -> PQ843790
      Taxon  46 -> PV949431
      Taxon  47 -> PV649171
      Taxon  48 -> PV338836
      Taxon  49 -> PV338556
      Taxon  50 -> PV215215
      Taxon  51 -> PV456568
      Taxon  52 -> PQ831557
      Taxon  53 -> PQ830245
      Taxon  54 -> PQ829485
      Taxon  55 -> PQ832805
      Taxon  56 -> PV396299
      Taxon  57 -> PV215751
      Taxon  58 -> PV792197
      Taxon  59 -> PV457088
      Taxon  60 -> PV338932
      Taxon  61 -> PV457168
      Taxon  62 -> PV457240
      Taxon  63 -> PV709421
      Taxon  64 -> PX359352
      Taxon  65 -> PX213389
      Taxon  66 -> PV709501
      Taxon  67 -> PV846173
      Taxon  68 -> PV949551
      Taxon  69 -> PV649539
      Taxon  70 -> PV949575
      Taxon  71 -> PV949583
      Taxon  72 -> PX359384
      Taxon  73 -> PV846533
      Taxon  74 -> PX717956
      Taxon  75 -> PV846317
      Taxon  76 -> PV847157
      Taxon  77 -> PV847165
      Taxon  78 -> PV847197
      Taxon  79 -> PX280002
      Taxon  80 -> PV847333
      Taxon  81 -> PV950095
      Taxon  82 -> PX280018
      Taxon  83 -> PX718068
      Taxon  84 -> PV904637
      Taxon  85 -> PX104576
      Taxon  86 -> PX213013
      Taxon  87 -> PX718236
      Taxon  88 -> PX279778
      Taxon  89 -> PX359576
      Taxon  90 -> PX359592
      Taxon  91 -> PX440439
      Taxon  92 -> PX440775
      Taxon  93 -> PX440847
      Taxon  94 -> PX750103
      Taxon  95 -> PX718412
      Taxon  96 -> PX750135
      Taxon  97 -> PX441119
      Taxon  98 -> PX441183
      Taxon  99 -> PX718436
      Taxon 100 -> PX750375
      Taxon 101 -> PX750319
      Taxon 102 -> PX750383
      Taxon 103 -> PX750391
      Taxon 104 -> PX750327
      Taxon 105 -> PX750335
      Taxon 106 -> PX750399
      Taxon 107 -> PX750407
      Taxon 108 -> PX750343
      Taxon 109 -> PX750351
      Taxon 110 -> PX750359
      Successfully read matrix
      Setting default partition (does not divide up characters)
      Setting model defaults
      Seed (for generating default start values) = 42
      Setting output file names to "datasets/h5n1_dairy_cattle_2024/analysis.nex.run<i>.<p|t>"
   Exiting data block
   Reached end of file

   Returning execution to calling file ...

      Setting Nst to 6
      Setting Rates to Invgamma
      Successfully set likelihood model parameters
      Setting Statefreqpr to Dirichlet(1.00,1.00,1.00,1.00)
      Setting Revmatpr to Dirichlet(1.00,1.00,1.00,1.00,1.00,1.00)
      Setting Shapepr to Exponential(1.00)
      Setting Pinvarpr to Uniform(0.00,1.00)
      Setting Brlenspr to Unconstrained:GammaDir(1.00,1000.0000,1.00,1.00)
      Successfully set prior model parameters
      Setting number of generations to 2000000
      Setting number of runs to 2
      Setting number of chains to 4
      Setting sample frequency to 200
      Setting print frequency to 100000
      Setting diagnosing frequency to 100000
      Setting chain output file names to "results/h5n1_dairy_cattle_2024/h5n1_dairy_cattle_2024_mb.run<i>.<p/t>"
      Successfully set chain parameters
      Running Markov chain
      MCMC stamp = 7313498599
      Seed = 728652542
      Swapseed = 42
      Model settings:

         Data not partitioned --
            Datatype  = DNA
            Nucmodel  = 4by4
            Nst       = 6
                        Substitution rates, expressed as proportions
                        of the rate sum, have a Dirichlet prior
                        (1.00,1.00,1.00,1.00,1.00,1.00)
            Covarion  = No
            # States  = 4
                        State frequencies have a Dirichlet prior
                        (1.00,1.00,1.00,1.00)
            Rates     = Invgamma
                        The distribution is approximated using 4 categories.
                        Shape parameter is exponentially
                        distributed with parameter (1.00).
                        Proportion of invariable sites is uniformly dist-
                        ributed on the interval (0.00,1.00).

      Active parameters: 

         Parameters
         ---------------------
         Revmat              1
         Statefreq           2
         Shape               3
         Pinvar              4
         Ratemultiplier      5
         Topology            6
         Brlens              7
         ---------------------

         1 --  Parameter  = Revmat
               Type       = Rates of reversible rate matrix
               Prior      = Dirichlet(1.00,1.00,1.00,1.00,1.00,1.00)

         2 --  Parameter  = Pi
               Type       = Stationary state frequencies
               Prior      = Dirichlet

         3 --  Parameter  = Alpha
               Type       = Shape of scaled gamma distribution of site rates
               Prior      = Exponential(1.00)

         4 --  Parameter  = Pinvar
               Type       = Proportion of invariable sites
               Prior      = Uniform(0.00,1.00)

         5 --  Parameter  = Ratemultiplier
               Type       = Partition-specific rate multiplier
               Prior      = Fixed(1.0)

         6 --  Parameter  = Tau
               Type       = Topology
               Prior      = All topologies equally probable a priori
               Subparam.  = V

         7 --  Parameter  = V
               Type       = Branch lengths
               Prior      = Unconstrained:GammaDir(1.0,1000.0000,1.0,1.0)



      The MCMC sampler will use the following moves:
         With prob.  Chain will use move
            0.93 %   Dirichlet(Revmat)
            0.93 %   Slider(Revmat)
            0.93 %   Dirichlet(Pi)
            0.93 %   Slider(Pi)
            1.85 %   Multiplier(Alpha)
            1.85 %   Slider(Pinvar)
            9.26 %   ExtSPR(Tau,V)
            9.26 %   ExtTBR(Tau,V)
            9.26 %   NNI(Tau,V)
            9.26 %   ParsSPR(Tau,V)
           37.04 %   Multiplier(V)
           12.96 %   Nodeslider(V)
            5.56 %   TLMultiplier(V)

      Division 1 has 118 unique site patterns
      Initializing conditional likelihoods
      Using standard FMA likelihood calculator for division 1 (single-precision)
      Initializing invariable-site conditional likelihoods

      Initial log likelihoods and log prior probs for run 1:
         Chain 1 -- -8590.073650 -- -4168.783009
         Chain 2 -- -8557.569005 -- -4168.783009
         Chain 3 -- -8446.519517 -- -4168.783009
         Chain 4 -- -8514.569361 -- -4168.783009

      Initial log likelihoods and log prior probs for run 2:
         Chain 1 -- -8515.835935 -- -4168.783009
         Chain 2 -- -8590.563311 -- -4168.783009
         Chain 3 -- -8561.670245 -- -4168.783009
         Chain 4 -- -8517.548447 -- -4168.783009


      Using a relative burnin of 25.0 % for diagnostics

      Chain results (2000000 generations requested):

          0 -- [-8590.074] (-8557.569) (-8446.520) (-8514.569) * [-8515.836] (-8590.563) (-8561.670) (-8517.548) 
      100000 -- (-3773.200) (-3793.091) [-3774.559] (-3786.039) * (-3772.360) [-3768.126] (-3773.378) (-3781.163) -- 0:19:38

      Average standard deviation of split frequencies: 0.024400

      200000 -- [-3779.432] (-3803.403) (-3772.026) (-3768.450) * [-3800.994] (-3805.772) (-3812.423) (-3793.054) -- 0:18:45

      Average standard deviation of split frequencies: 0.016458

      300000 -- (-3778.069) [-3787.823] (-3768.540) (-3780.091) * (-3775.366) [-3782.795] (-3777.328) (-3785.064) -- 0:17:56

      Average standard deviation of split frequencies: 0.014604

      400000 -- (-3800.916) (-3781.434) (-3767.862) [-3777.087] * [-3780.626] (-3773.849) (-3793.137) (-3798.291) -- 0:16:52

      Average standard deviation of split frequencies: 0.010316

      500000 -- (-3784.685) [-3765.485] (-3784.306) (-3777.672) * (-3763.651) [-3782.870] (-3773.796) (-3779.419) -- 0:15:45

      Average standard deviation of split frequencies: 0.012692

      600000 -- (-3810.375) (-3799.491) [-3776.696] (-3763.667) * (-3798.404) (-3789.495) (-3794.706) [-3810.687] -- 0:14:44

      Average standard deviation of split frequencies: 0.008917

      700000 -- (-3793.740) (-3792.503) (-3760.288) [-3801.411] * (-3782.204) (-3794.401) [-3769.062] (-3773.717) -- 0:13:42

      Average standard deviation of split frequencies: 0.008512

      800000 -- (-3785.761) (-3777.193) (-3771.081) [-3764.772] * (-3784.506) [-3776.306] (-3776.525) (-3784.983) -- 0:12:39

      Average standard deviation of split frequencies: 0.007488

      900000 -- [-3778.700] (-3792.098) (-3771.975) (-3770.383) * [-3776.282] (-3793.412) (-3787.294) (-3781.627) -- 0:11:42

      Average standard deviation of split frequencies: 0.007707

      1000000 -- (-3787.424) (-3790.499) [-3791.737] (-3780.251) * (-3798.406) (-3780.174) [-3772.354] (-3776.235) -- 0:10:38

      Average standard deviation of split frequencies: 0.007455

      1100000 -- [-3785.165] (-3797.061) (-3785.334) (-3790.695) * (-3795.069) (-3763.730) [-3789.399] (-3788.508) -- 0:09:33

      Average standard deviation of split frequencies: 0.007086

      1200000 -- [-3758.566] (-3803.312) (-3789.923) (-3800.947) * [-3771.846] (-3766.787) (-3784.183) (-3798.628) -- 0:08:29

      Average standard deviation of split frequencies: 0.007446

      1300000 -- (-3787.674) (-3774.135) (-3790.289) [-3769.557] * (-3782.752) (-3799.313) [-3777.419] (-3774.836) -- 0:07:25

      Average standard deviation of split frequencies: 0.007493

      1400000 -- (-3783.661) (-3776.730) [-3790.525] (-3787.267) * (-3787.945) (-3784.903) (-3790.582) [-3761.405] -- 0:06:21

      Average standard deviation of split frequencies: 0.006967

      1500000 -- [-3772.838] (-3788.082) (-3771.722) (-3797.163) * (-3784.334) (-3778.151) [-3776.342] (-3775.533) -- 0:05:18

      Average standard deviation of split frequencies: 0.005732

      1600000 -- (-3771.713) [-3782.786] (-3812.580) (-3782.815) * (-3773.879) (-3770.991) (-3793.741) [-3777.790] -- 0:04:14

      Average standard deviation of split frequencies: 0.005495

      1700000 -- (-3780.017) [-3793.833] (-3771.596) (-3792.260) * [-3813.882] (-3762.349) (-3821.437) (-3777.789) -- 0:03:10

      Average standard deviation of split frequencies: 0.006037

      1800000 -- [-3779.574] (-3811.359) (-3778.639) (-3792.605) * (-3781.744) [-3786.732] (-3787.622) (-3790.239) -- 0:02:07

      Average standard deviation of split frequencies: 0.005962

      1900000 -- (-3784.840) (-3766.445) [-3795.253] (-3800.764) * (-3778.401) (-3771.101) (-3766.080) [-3780.984] -- 0:01:03

      Average standard deviation of split frequencies: 0.006880
      2000000 -- [-3788.184] (-3774.219) (-3782.706) (-3781.519) * (-3781.190) (-3783.161) (-3781.866) [-3786.923] -- 0:00:00

      Average standard deviation of split frequencies: 0.007031

      Analysis completed in 21 mins 11 seconds
      Analysis used 1271.13 seconds of CPU time
      Likelihood of best state for "cold" chain of run 1 was -3742.35
      Likelihood of best state for "cold" chain of run 2 was -3741.80

      Acceptance rates for the moves in the "cold" chain of run 1:
         With prob.   (last 100)   chain accepted proposals by move
            35.3 %     ( 30 %)     Dirichlet(Revmat)
            51.3 %     ( 39 %)     Slider(Revmat)
            23.2 %     ( 35 %)     Dirichlet(Pi)
            25.7 %     ( 23 %)     Slider(Pi)
            44.6 %     ( 24 %)     Multiplier(Alpha)
            66.2 %     ( 57 %)     Slider(Pinvar)
            59.0 %     ( 61 %)     ExtSPR(Tau,V)
            51.3 %     ( 44 %)     ExtTBR(Tau,V)
            69.3 %     ( 73 %)     NNI(Tau,V)
            30.7 %     ( 37 %)     ParsSPR(Tau,V)
            26.6 %     ( 28 %)     Multiplier(V)
            75.2 %     ( 71 %)     Nodeslider(V)
            25.6 %     ( 27 %)     TLMultiplier(V)

      Acceptance rates for the moves in the "cold" chain of run 2:
         With prob.   (last 100)   chain accepted proposals by move
            35.1 %     ( 17 %)     Dirichlet(Revmat)
            51.5 %     ( 44 %)     Slider(Revmat)
            23.3 %     ( 17 %)     Dirichlet(Pi)
            25.3 %     ( 20 %)     Slider(Pi)
            44.5 %     ( 32 %)     Multiplier(Alpha)
            66.1 %     ( 45 %)     Slider(Pinvar)
            59.0 %     ( 71 %)     ExtSPR(Tau,V)
            51.3 %     ( 43 %)     ExtTBR(Tau,V)
            69.2 %     ( 69 %)     NNI(Tau,V)
            30.8 %     ( 29 %)     ParsSPR(Tau,V)
            26.6 %     ( 22 %)     Multiplier(V)
            75.1 %     ( 68 %)     Nodeslider(V)
            25.3 %     ( 23 %)     TLMultiplier(V)

      Chain swap information for run 1:

                   1       2       3       4 
           ----------------------------------
         1 |            0.18    0.01    0.00 
         2 |  333339            0.23    0.02 
         3 |  332260  333867            0.27 
         4 |  333043  333521  333970         

      Chain swap information for run 2:

                   1       2       3       4 
           ----------------------------------
         1 |            0.18    0.01    0.00 
         2 |  333255            0.22    0.02 
         3 |  332657  333252            0.26 
         4 |  334445  333289  333102         

      Upper diagonal: Proportion of successful state exchanges between chains
      Lower diagonal: Number of attempted state exchanges between chains

      Chain information:

        ID -- Heat 
       -----------
         1 -- 1.00  (cold chain)
         2 -- 0.91 
         3 -- 0.83 
         4 -- 0.77 

      Heat = 1 / (1 + T * (ID - 1))
         (where T = 0.10 is the temperature and ID is the chain number)

      Using relative burnin (a fraction of samples discarded).
      Setting burnin fraction to 0.25
      Setting sumt conformat to Simple
      Setting sumt contype to Allcompat
      Summarizing trees in files "results/h5n1_dairy_cattle_2024/h5n1_dairy_cattle_2024_mb.run1.t" and "results/h5n1_dairy_cattle_2024/h5n1_dairy_cattle_2024_mb.run2.t"
      Using relative burnin ('relburnin=yes'), discarding the first 25 % of sampled trees
      Writing statistics to files results/h5n1_dairy_cattle_2024/h5n1_dairy_cattle_2024_mb.<parts|tstat|vstat|trprobs|con>
      Examining first file ...
      Found one tree block in file "results/h5n1_dairy_cattle_2024/h5n1_dairy_cattle_2024_mb.run1.t" with 10001 trees in last block
      Expecting the same number of trees in the last tree block of all files

      Tree reading status:

      0      10      20      30      40      50      60      70      80      90     100
      v-------v-------v-------v-------v-------v-------v-------v-------v-------v-------v
      *********************************************************************************

      Read a total of 20002 trees in 2 files (sampling 15002 of them)
         (Each file contained 10001 trees of which 7501 were sampled)
                                                                                   
      General explanation:                                                          
                                                                                   
      In an unrooted tree, a taxon bipartition (split) is specified by removing a   
      branch, thereby dividing the species into those to the left and those to the  
      right of the branch. Here, taxa to one side of the removed branch are denoted 
      '.' and those to the other side are denoted '*'. Specifically, the '.' symbol 
      is used for the taxa on the same side as the outgroup.                        
                                                                                   
      In a rooted or clock tree, the tree is rooted using the model and not by      
      reference to an outgroup. Each bipartition therefore corresponds to a clade,  
      that is, a group that includes all the descendants of a particular branch in  
      the tree.  Taxa that are included in each clade are denoted using '*', and    
      taxa that are not included are denoted using the '.' symbol.                  
                                                                                   
      The output first includes a key to all the bipartitions with frequency larger 
      or equual to (Minpartfreq) in at least one run. Minpartfreq is a parameter to 
      sumt command and currently it is set to 0.10.  This is followed by a table  
      with statistics for the informative bipartitions (those including at least    
      two taxa), sorted from highest to lowest probability. For each bipartition,   
      the table gives the number of times the partition or split was observed in all
      runs (#obs) and the posterior probability of the bipartition (Probab.), which 
      is the same as the split frequency. If several runs are summarized, this is   
      followed by the minimum split frequency (Min(s)), the maximum frequency       
      (Max(s)), and the standard deviation of frequencies (Stddev(s)) across runs.  
      The latter value should approach 0 for all bipartitions as MCMC runs converge.
                                                                                   
      This is followed by a table summarizing branch lengths, node heights (if a    
      clock model was used) and relaxed clock parameters (if a relaxed clock model  
      was used). The mean, variance, and 95 % credible interval are given for each 
      of these parameters. If several runs are summarized, the potential scale      
      reduction factor (PSRF) is also given; it should approach 1 as runs converge. 
      Node heights will take calibration points into account, if such points were   
      used in the analysis.                                                         
                                                                                    
      Note that Stddev may be unreliable if the partition is not present in all     
      runs (the last column indicates the number of runs that sampled the partition 
      if more than one run is summarized). The PSRF is not calculated at all if     
      the partition is not present in all runs.The PSRF is also sensitive to small  
      sample sizes and it should only be considered a rough guide to convergence    
      since some of the assumptions allowing one to interpret it as a true potential
      scale reduction factor are violated in MrBayes.                               
                                                                                    
      List of taxa in bipartitions:                                                 
                                                                                   
         1 -- PP748207
         2 -- PP748223
         3 -- PQ106997
         4 -- PQ241100
         5 -- PP756045
         6 -- PP755997
         7 -- PV839281
         8 -- PP753021
         9 -- PP752608
        10 -- PV459280
        11 -- PV459288
        12 -- PV459304
        13 -- PV643554
        14 -- PQ011795
        15 -- PQ011811
        16 -- PP755813
        17 -- PQ832381
        18 -- PQ274814
        19 -- PP799563
        20 -- PQ168164
        21 -- PV459240
        22 -- PQ011243
        23 -- PQ832213
        24 -- PV459528
        25 -- PQ832557
        26 -- PQ168084
        27 -- PQ377639
        28 -- PQ379135
        29 -- PQ379527
        30 -- PQ379543
        31 -- PQ379375
        32 -- PV132430
        33 -- PQ378839
        34 -- PQ423562
        35 -- PQ482153
        36 -- PV572609
        37 -- PQ828205
        38 -- PQ843590
        39 -- PQ843622
        40 -- PV792141
        41 -- PV845829
        42 -- PQ843678
        43 -- PQ828509
        44 -- PQ828909
        45 -- PQ843790
        46 -- PV949431
        47 -- PV649171
        48 -- PV338836
        49 -- PV338556
        50 -- PV215215
        51 -- PV456568
        52 -- PQ831557
        53 -- PQ830245
        54 -- PQ829485
        55 -- PQ832805
        56 -- PV396299
        57 -- PV215751
        58 -- PV792197
        59 -- PV457088
        60 -- PV338932
        61 -- PV457168
        62 -- PV457240
        63 -- PV709421
        64 -- PX359352
        65 -- PX213389
        66 -- PV709501
        67 -- PV846173
        68 -- PV949551
        69 -- PV649539
        70 -- PV949575
        71 -- PV949583
        72 -- PX359384
        73 -- PV846533
        74 -- PX717956
        75 -- PV846317
        76 -- PV847157
        77 -- PV847165
        78 -- PV847197
        79 -- PX280002
        80 -- PV847333
        81 -- PV950095
        82 -- PX280018
        83 -- PX718068
        84 -- PV904637
        85 -- PX104576
        86 -- PX213013
        87 -- PX718236
        88 -- PX279778
        89 -- PX359576
        90 -- PX359592
        91 -- PX440439
        92 -- PX440775
        93 -- PX440847
        94 -- PX750103
        95 -- PX718412
        96 -- PX750135
        97 -- PX441119
        98 -- PX441183
        99 -- PX718436
       100 -- PX750375
       101 -- PX750319
       102 -- PX750383
       103 -- PX750391
       104 -- PX750327
       105 -- PX750335
       106 -- PX750399
       107 -- PX750407
       108 -- PX750343
       109 -- PX750351
       110 -- PX750359

      Key to taxon bipartitions (saved to file "results/h5n1_dairy_cattle_2024/h5n1_dairy_cattle_2024_mb.parts"):

       ID -- Partition
      --------------------------------------------------------------------------------
        1 -- .**********************************************************************
        2 -- .*.....................................................................
        3 -- ..*....................................................................
        4 -- ...*...................................................................
        5 -- ....*..................................................................
        6 -- .....*.................................................................
        7 -- ......*................................................................
        8 -- .......*...............................................................
        9 -- ........*..............................................................
       10 -- .........*.............................................................
       11 -- ..........*............................................................
       12 -- ...........*...........................................................
       13 -- ............*..........................................................
       14 -- .............*.........................................................
       15 -- ..............*........................................................
       16 -- ...............*.......................................................
       17 -- ................*......................................................
       18 -- .................*.....................................................
       19 -- ..................*....................................................
       20 -- ...................*...................................................
       21 -- ....................*..................................................
       22 -- .....................*.................................................
       23 -- ......................*................................................
       24 -- .......................*...............................................
       25 -- ........................*..............................................
       26 -- .........................*.............................................
       27 -- ..........................*............................................
       28 -- ...........................*...........................................
       29 -- ............................*..........................................
       30 -- .............................*.........................................
       31 -- ..............................*........................................
       32 -- ...............................*.......................................
       33 -- ................................*......................................
       34 -- .................................*.....................................
       35 -- ..................................*....................................
       36 -- ...................................*...................................
       37 -- ....................................*..................................
       38 -- .....................................*.................................
       39 -- ......................................*................................
       40 -- .......................................*...............................
       41 -- ........................................*..............................
       42 -- .........................................*.............................
       43 -- ..........................................*............................
       44 -- ...........................................*...........................
       45 -- ............................................*..........................
       46 -- .............................................*.........................
       47 -- ..............................................*........................
       48 -- ...............................................*.......................
       49 -- ................................................*......................
       50 -- .................................................*.....................
       51 -- ..................................................*....................
       52 -- ...................................................*...................
       53 -- ....................................................*..................
       54 -- .....................................................*.................
       55 -- ......................................................*................
       56 -- .......................................................*...............
       57 -- ........................................................*..............
       58 -- .........................................................*.............
       59 -- ..........................................................*............
       60 -- ...........................................................*...........
       61 -- ............................................................*..........
       62 -- .............................................................*.........
       63 -- ..............................................................*........
       64 -- ...............................................................*.......
       65 -- ................................................................*......
       66 -- .................................................................*.....
       67 -- ..................................................................*....
       68 -- ...................................................................*...
       69 -- ....................................................................*..
       70 -- .....................................................................*.
       71 -- ......................................................................*
       72 -- .......................................................................
       73 -- .......................................................................
       74 -- .......................................................................
       75 -- .......................................................................
       76 -- .......................................................................
       77 -- .......................................................................
       78 -- .......................................................................
       79 -- .......................................................................
       80 -- .......................................................................
       81 -- .......................................................................
       82 -- .......................................................................
       83 -- .......................................................................
       84 -- .......................................................................
       85 -- .......................................................................
       86 -- .......................................................................
       87 -- .......................................................................
       88 -- .......................................................................
       89 -- .......................................................................
       90 -- .......................................................................
       91 -- .......................................................................
       92 -- .......................................................................
       93 -- .......................................................................
       94 -- .......................................................................
       95 -- .......................................................................
       96 -- .......................................................................
       97 -- .......................................................................
       98 -- .......................................................................
       99 -- .......................................................................
      100 -- .......................................................................
      101 -- .......................................................................
      102 -- .......................................................................
      103 -- .......................................................................
      104 -- .......................................................................
      105 -- .......................................................................
      106 -- .......................................................................
      107 -- .......................................................................
      108 -- .......................................................................
      109 -- .......................................................................
      110 -- .......................................................................
      111 -- ..*************************************************************.*******
      112 -- .......................................................................
      113 -- ...............................................................*.......
      114 -- ...................................................................*.**
      115 -- .**************************************************************.*******
      116 -- .....................*...**.....*.*....................................
      117 -- .......................................................................
      118 -- .......................................................................
      119 -- ...............................*......................**...............
      120 -- ...................................*******************..*******.*******
      121 -- .........................................................*........*....
      122 -- ......................................................**...............
      123 -- .......................................................................
      124 -- .......................................................................
      125 -- ...........................................*..*.******....***.*..*.....
      126 -- .......................................................................
      127 -- ............................**.........................................
      128 -- .......................................................................
      129 -- ................................................................*...*..
      130 -- .......................................................................
      131 -- .......................................................................
      132 -- ..................................................................*....
      133 -- .......................................................................
      134 -- .......................................................................
      135 -- ..**.***********..*********************************************.*******
      136 -- ..............................................................*..*.....
      137 -- .......................................................................
      138 -- .......................................................................
      139 -- .............**........................................................
      140 -- ..................*.........**.........................................
      141 -- .......................................................................
      142 -- ...........................................*......*.........*..........
      143 -- ........................................*.**.**.******....*****..*.....
      144 -- ........................................*.*..*...............*.........
      145 -- ..............................................*.**.***....**..*..*.....
      146 -- .....................................................................**
      147 -- ...................................................................*..*
      148 -- ...................................................................*.*.
      149 -- ...........................................*................*..........
      150 -- ...........................................*......*....................
      151 -- ..................................................*.........*..........
      152 -- ................................................................*...*..
      153 -- .......................................................................
      154 -- ................................................................*...*..
      155 -- .......................................................................
      156 -- ..**.**********************************************************.*******
      157 -- .......................................................................
      158 -- ..***************.*********************************************.*******
      159 -- .......................................................................
      160 -- .......................................................................
      161 -- .......................................................................
      162 -- ..**.************.*********************************************.*******
      163 -- ..**.***********.**********************************************.*******
      164 -- .......................................................................
      165 -- ....................................................................*..
      166 -- ................................................................*...*..
      167 -- ................................................................*......
      168 -- ..**************..*********************************************.*******
      169 -- .......................................................................
      170 -- .......................................................................
      171 -- ................**.....................................................
      172 -- .......................................................................
      173 -- ....*...........*......................................................
      174 -- .......................................................................
      175 -- .......................................................................
      176 -- .......................................................................
      177 -- .......................................................................
      178 -- .......................................................................
      179 -- .......................................................................
      180 -- .......................................................................
      181 -- ....................................................................*..
      182 -- .......................................................................
      183 -- .......................................................................
      184 -- ....*...........**.....................................................
      185 -- .......................................................................
      186 -- ..**************.**********************************************.*******
      187 -- ....................................................................*..
      188 -- ....*............*.....................................................
      189 -- .......................................................................
      190 -- ................................................................*......
      191 -- ................................................................*......
      192 -- .....................*............*....................................
      193 -- ..........................*.......*....................................
      194 -- .........................*......*......................................
      195 -- .....................*...**.......*....................................
      196 -- .........................**.....*.*....................................
      197 -- .......................................................................
      198 -- .......................................................................
      199 -- .......................................................................
      200 -- .......................................................................
      201 -- .......................................................................
      202 -- .....................*....*.....*.*....................................
      203 -- .......................................................................
      204 -- .......................................................................
      205 -- .....................*...*......*.*....................................
      206 -- .......................................................................
      207 -- .........................**............................................
      208 -- .......................................................................
      209 -- .......................................................................
      210 -- .......................................................................
      211 -- ................................*.*....................................
      212 -- .....................*...*.............................................
      213 -- .......................................................................
      214 -- .......................................................................
      215 -- .......................................................................
      216 -- ..........................*.....*......................................
      217 -- .........................*........*....................................
      218 -- .....................*...**.....*......................................
      219 -- .....................*....*............................................
      220 -- .......................................................................
      221 -- .....................*..........*......................................
      222 -- .............................................*...............*.........
      223 -- ........................................*.*............................
      224 -- .............................................*.........................
      225 -- .............................................................*.........
      226 -- ..........................................*..*.........................
      227 -- ........................................*....*.........................
      228 -- ..........................................*............................
      229 -- ..........................................*..................*.........
      230 -- ........................................*..............................
      231 -- ........................................*....................*.........
      232 -- ...........................................*..*.**.***....**..*..*.....
      233 -- ...........................................*..*.******....**..*..*.....
      234 -- ...........................................*..*.**.***....***.*..*.....
      --------------------------------------------------------------------------------

       ID -- Partition (continued)
      --------------------------------------------------------------------------------
        1 -- ***************************************
        2 -- .......................................
        3 -- .......................................
        4 -- .......................................
        5 -- .......................................
        6 -- .......................................
        7 -- .......................................
        8 -- .......................................
        9 -- .......................................
       10 -- .......................................
       11 -- .......................................
       12 -- .......................................
       13 -- .......................................
       14 -- .......................................
       15 -- .......................................
       16 -- .......................................
       17 -- .......................................
       18 -- .......................................
       19 -- .......................................
       20 -- .......................................
       21 -- .......................................
       22 -- .......................................
       23 -- .......................................
       24 -- .......................................
       25 -- .......................................
       26 -- .......................................
       27 -- .......................................
       28 -- .......................................
       29 -- .......................................
       30 -- .......................................
       31 -- .......................................
       32 -- .......................................
       33 -- .......................................
       34 -- .......................................
       35 -- .......................................
       36 -- .......................................
       37 -- .......................................
       38 -- .......................................
       39 -- .......................................
       40 -- .......................................
       41 -- .......................................
       42 -- .......................................
       43 -- .......................................
       44 -- .......................................
       45 -- .......................................
       46 -- .......................................
       47 -- .......................................
       48 -- .......................................
       49 -- .......................................
       50 -- .......................................
       51 -- .......................................
       52 -- .......................................
       53 -- .......................................
       54 -- .......................................
       55 -- .......................................
       56 -- .......................................
       57 -- .......................................
       58 -- .......................................
       59 -- .......................................
       60 -- .......................................
       61 -- .......................................
       62 -- .......................................
       63 -- .......................................
       64 -- .......................................
       65 -- .......................................
       66 -- .......................................
       67 -- .......................................
       68 -- .......................................
       69 -- .......................................
       70 -- .......................................
       71 -- .......................................
       72 -- *......................................
       73 -- .*.....................................
       74 -- ..*....................................
       75 -- ...*...................................
       76 -- ....*..................................
       77 -- .....*.................................
       78 -- ......*................................
       79 -- .......*...............................
       80 -- ........*..............................
       81 -- .........*.............................
       82 -- ..........*............................
       83 -- ...........*...........................
       84 -- ............*..........................
       85 -- .............*.........................
       86 -- ..............*........................
       87 -- ...............*.......................
       88 -- ................*......................
       89 -- .................*.....................
       90 -- ..................*....................
       91 -- ...................*...................
       92 -- ....................*..................
       93 -- .....................*.................
       94 -- ......................*................
       95 -- .......................*...............
       96 -- ........................*..............
       97 -- .........................*.............
       98 -- ..........................*............
       99 -- ...........................*...........
      100 -- ............................*..........
      101 -- .............................*.........
      102 -- ..............................*........
      103 -- ...............................*.......
      104 -- ................................*......
      105 -- .................................*.....
      106 -- ..................................*....
      107 -- ...................................*...
      108 -- ....................................*..
      109 -- .....................................*.
      110 -- ......................................*
      111 -- .**************************************
      112 -- ..*............*.......*...............
      113 -- *......................................
      114 -- .......................................
      115 -- .**************************************
      116 -- .......................................
      117 -- ...........*.**.*******.****.*..**..***
      118 -- .*..******..*...............*.**..**...
      119 -- .......................................
      120 -- .**************************************
      121 -- ...*...................................
      122 -- .......................................
      123 -- ............................*.**..**...
      124 -- ..............................**..**...
      125 -- ..*............*.......*...............
      126 -- ...............*.......*...............
      127 -- .......................................
      128 -- ..............*.....*.....*..*.........
      129 -- .*..*******.*...............*.**..**...
      130 -- ....................*.....*..*.........
      131 -- ..........................*..*.........
      132 -- ...*...................................
      133 -- ....**.................................
      134 -- .................**....................
      135 -- .**************************************
      136 -- .......................................
      137 -- ................................*...***
      138 -- ................*..*..*.*..*...........
      139 -- .......................................
      140 -- .......................................
      141 -- ...........*.**.*..****.****.*..**..***
      142 -- .......................................
      143 -- ..*........*.***************.*..**..***
      144 -- ...........*.**.*******.****.*..**..***
      145 -- ..*............*.......*...............
      146 -- .......................................
      147 -- .......................................
      148 -- .......................................
      149 -- .......................................
      150 -- .......................................
      151 -- .......................................
      152 -- ..........*............................
      153 -- ....................................**.
      154 -- .......................................
      155 -- ..............................*...*....
      156 -- .**************************************
      157 -- ..............................**..*....
      158 -- .**************************************
      159 -- ...............................*...*...
      160 -- ................................*...**.
      161 -- ....................................***
      162 -- .**************************************
      163 -- .**************************************
      164 -- ...............................*..*....
      165 -- ..........*............................
      166 -- .*..******..*...............*.**..**...
      167 -- ..........*............................
      168 -- .**************************************
      169 -- ................................*.....*
      170 -- ..............................**.......
      171 -- .......................................
      172 -- ...............................*..**...
      173 -- .......................................
      174 -- .*..*******.*...............*.**..**...
      175 -- ....................................*.*
      176 -- ................................*...*..
      177 -- .....................................**
      178 -- ..............................*...**...
      179 -- ................................*...*.*
      180 -- ..............................**...*...
      181 -- .*..*******.*...............*.**..**...
      182 -- ..................................**...
      183 -- ..............................*....*...
      184 -- .......................................
      185 -- ................................*....*.
      186 -- .**************************************
      187 -- .*..******..*...............*.**..**...
      188 -- .......................................
      189 -- ................................*....**
      190 -- .*..******..*...............*.**..**...
      191 -- .*..*******.*...............*.**..**...
      192 -- .......................................
      193 -- .......................................
      194 -- .......................................
      195 -- .......................................
      196 -- .......................................
      197 -- ...................*..*................
      198 -- ...................*....*..............
      199 -- ................*.....*................
      200 -- ................*.......*..............
      201 -- ................*..*..*.*..............
      202 -- .......................................
      203 -- ................*.....*.*..*...........
      204 -- ................*..........*...........
      205 -- .......................................
      206 -- ........................*..*...........
      207 -- .......................................
      208 -- ................*..*..*....*...........
      209 -- ......................*.*..............
      210 -- ................*..*...................
      211 -- .......................................
      212 -- .......................................
      213 -- ................*..*....*..*...........
      214 -- ...................*.......*...........
      215 -- ......................*....*...........
      216 -- .......................................
      217 -- .......................................
      218 -- .......................................
      219 -- .......................................
      220 -- ...................*..*.*..*...........
      221 -- .......................................
      222 -- .......................................
      223 -- .......................................
      224 -- ...........*.**.*******.****.*..**..***
      225 -- ...........*.**.*******.****.*..**..***
      226 -- .......................................
      227 -- .......................................
      228 -- ...........*.**.*******.****.*..**..***
      229 -- .......................................
      230 -- ...........*.**.*******.****.*..**..***
      231 -- .......................................
      232 -- ..*............*.......*...............
      233 -- ..*............*.......*...............
      234 -- ..*............*.......*...............
      --------------------------------------------------------------------------------

      Summary statistics for informative taxon bipartitions
         (saved to file "results/h5n1_dairy_cattle_2024/h5n1_dairy_cattle_2024_mb.tstat"):

       ID   #obs     Probab.     Sd(s)+      Min(s)      Max(s)   Nruns 
      ------------------------------------------------------------------
      111  15002    1.000000    0.000000    1.000000    1.000000    2
      112  15002    1.000000    0.000000    1.000000    1.000000    2
      113  15002    1.000000    0.000000    1.000000    1.000000    2
      114  15002    1.000000    0.000000    1.000000    1.000000    2
      115  15002    1.000000    0.000000    1.000000    1.000000    2
      116  15002    1.000000    0.000000    1.000000    1.000000    2
      117  15002    1.000000    0.000000    1.000000    1.000000    2
      118  15002    1.000000    0.000000    1.000000    1.000000    2
      119  15002    1.000000    0.000000    1.000000    1.000000    2
      120  15002    1.000000    0.000000    1.000000    1.000000    2
      121  15002    1.000000    0.000000    1.000000    1.000000    2
      122  15002    1.000000    0.000000    1.000000    1.000000    2
      123  15002    1.000000    0.000000    1.000000    1.000000    2
      124  14999    0.999800    0.000283    0.999600    1.000000    2
      125  14991    0.999267    0.000283    0.999067    0.999467    2
      126  14986    0.998933    0.000943    0.998267    0.999600    2
      127  14975    0.998200    0.000471    0.997867    0.998534    2
      128  14960    0.997200    0.000000    0.997200    0.997200    2
      129  14937    0.995667    0.000094    0.995601    0.995734    2
      130  14922    0.994667    0.000377    0.994401    0.994934    2
      131  14916    0.994267    0.000754    0.993734    0.994801    2
      132  14892    0.992668    0.001320    0.991734    0.993601    2
      133  14877    0.991668    0.001791    0.990401    0.992934    2
      134  14866    0.990935    0.000943    0.990268    0.991601    2
      135  14862    0.990668    0.004148    0.987735    0.993601    2
      136  14846    0.989601    0.004525    0.986402    0.992801    2
      137  14827    0.988335    0.000094    0.988268    0.988402    2
      138  14823    0.988068    0.000471    0.987735    0.988402    2
      139  14714    0.980803    0.009050    0.974403    0.987202    2
      140  14584    0.972137    0.010747    0.964538    0.979736    2
      141  14550    0.969871    0.010747    0.962272    0.977470    2
      142   9332    0.622050    0.059955    0.579656    0.664445    2
      143   7897    0.526396    0.067779    0.478470    0.574323    2
      144   7474    0.498200    0.072210    0.447140    0.549260    2
      145   7251    0.483336    0.067967    0.435275    0.531396    2
      146   5022    0.334755    0.002262    0.333156    0.336355    2
      147   5010    0.333955    0.002640    0.332089    0.335822    2
      148   4970    0.331289    0.000377    0.331023    0.331556    2
      149   4146    0.276363    0.016968    0.264365    0.288362    2
      150   4078    0.271830    0.000943    0.271164    0.272497    2
      151   4033    0.268831    0.009333    0.262232    0.275430    2
      152   3354    0.223570    0.001131    0.222770    0.224370    2
      153   3190    0.212638    0.004525    0.209439    0.215838    2
      154   3175    0.211638    0.006316    0.207172    0.216105    2
      155   3139    0.209239    0.004619    0.205973    0.212505    2
      156   3118    0.207839    0.004902    0.204373    0.211305    2
      157   3093    0.206173    0.007636    0.200773    0.211572    2
      158   3088    0.205839    0.012066    0.197307    0.214371    2
      159   3075    0.204973    0.000094    0.204906    0.205039    2
      160   3074    0.204906    0.003205    0.202640    0.207172    2
      161   3062    0.204106    0.003771    0.201440    0.206772    2
      162   3055    0.203640    0.010464    0.196241    0.211039    2
      163   3040    0.202640    0.004713    0.199307    0.205973    2
      164   3034    0.202240    0.007730    0.196774    0.207706    2
      165   3028    0.201840    0.001697    0.200640    0.203040    2
      166   3023    0.201506    0.004431    0.198374    0.204639    2
      167   3012    0.200773    0.006033    0.196507    0.205039    2
      168   2999    0.199907    0.001414    0.198907    0.200907    2
      169   2995    0.199640    0.013292    0.190241    0.209039    2
      170   2994    0.199573    0.017911    0.186908    0.212238    2
      171   2989    0.199240    0.006505    0.194641    0.203839    2
      172   2985    0.198973    0.000283    0.198773    0.199173    2
      173   2984    0.198907    0.010935    0.191175    0.206639    2
      174   2984    0.198907    0.009238    0.192374    0.205439    2
      175   2974    0.198240    0.003394    0.195841    0.200640    2
      176   2974    0.198240    0.000189    0.198107    0.198374    2
      177   2962    0.197440    0.001320    0.196507    0.198374    2
      178   2940    0.195974    0.013386    0.186508    0.205439    2
      179   2929    0.195241    0.004242    0.192241    0.198240    2
      180   2919    0.194574    0.000471    0.194241    0.194907    2
      181   2915    0.194307    0.009144    0.187842    0.200773    2
      182   2913    0.194174    0.003488    0.191708    0.196640    2
      183   2910    0.193974    0.011689    0.185709    0.202240    2
      184   2907    0.193774    0.001980    0.192374    0.195174    2
      185   2889    0.192574    0.003299    0.190241    0.194907    2
      186   2883    0.192174    0.015366    0.181309    0.203040    2
      187   2882    0.192108    0.008861    0.185842    0.198374    2
      188   2870    0.191308    0.007541    0.185975    0.196640    2
      189   2856    0.190375    0.007164    0.185309    0.195441    2
      190   2838    0.189175    0.001697    0.187975    0.190375    2
      191   2793    0.186175    0.010652    0.178643    0.193708    2
      192   2315    0.154313    0.012726    0.145314    0.163312    2
      193   2245    0.149647    0.002545    0.147847    0.151446    2
      194   2233    0.148847    0.007447    0.143581    0.154113    2
      195   2227    0.148447    0.005185    0.144781    0.152113    2
      196   2219    0.147914    0.006882    0.143048    0.152780    2
      197   2209    0.147247    0.001225    0.146380    0.148114    2
      198   2180    0.145314    0.008484    0.139315    0.151313    2
      199   2176    0.145047    0.007164    0.139981    0.150113    2
      200   2173    0.144847    0.007259    0.139715    0.149980    2
      201   2162    0.144114    0.002828    0.142114    0.146114    2
      202   2162    0.144114    0.002828    0.142114    0.146114    2
      203   2157    0.143781    0.001225    0.142914    0.144647    2
      204   2153    0.143514    0.000283    0.143314    0.143714    2
      205   2148    0.143181    0.004902    0.139715    0.146647    2
      206   2146    0.143048    0.008296    0.137182    0.148913    2
      207   2144    0.142914    0.000754    0.142381    0.143448    2
      208   2139    0.142581    0.020079    0.128383    0.156779    2
      209   2134    0.142248    0.000566    0.141848    0.142648    2
      210   2117    0.141115    0.001225    0.140248    0.141981    2
      211   2115    0.140981    0.003865    0.138248    0.143714    2
      212   2109    0.140581    0.012161    0.131982    0.149180    2
      213   2109    0.140581    0.000660    0.140115    0.141048    2
      214   2084    0.138915    0.002451    0.137182    0.140648    2
      215   2083    0.138848    0.008767    0.132649    0.145047    2
      216   2070    0.137982    0.000943    0.137315    0.138648    2
      217   2069    0.137915    0.002545    0.136115    0.139715    2
      218   2067    0.137782    0.014612    0.127450    0.148114    2
      219   2059    0.137248    0.003299    0.134915    0.139581    2
      220   2057    0.137115    0.008013    0.131449    0.142781    2
      221   2046    0.136382    0.006222    0.131982    0.140781    2
      222   1975    0.131649    0.000848    0.131049    0.132249    2
      223   1952    0.130116    0.006410    0.125583    0.134649    2
      224   1938    0.129183    0.002828    0.127183    0.131183    2
      225   1911    0.127383    0.012538    0.118518    0.136249    2
      226   1897    0.126450    0.003111    0.124250    0.128650    2
      227   1896    0.126383    0.004336    0.123317    0.129449    2
      228   1863    0.124183    0.005562    0.120251    0.128116    2
      229   1844    0.122917    0.001508    0.121850    0.123983    2
      230   1802    0.120117    0.004525    0.116918    0.123317    2
      231   1699    0.113252    0.010087    0.106119    0.120384    2
      232   1381    0.092054    0.022530    0.076123    0.107986    2
      233   1378    0.091854    0.024133    0.074790    0.108919    2
      234   1356    0.090388    0.013763    0.080656    0.100120    2
      ------------------------------------------------------------------
      + Convergence diagnostic (standard deviation of split frequencies)
        should approach 0.0 as runs converge.


      Summary statistics for branch and node parameters
         (saved to file "results/h5n1_dairy_cattle_2024/h5n1_dairy_cattle_2024_mb.vstat"):

                                               95% HPD Interval
                                             --------------------
      Parameter       Mean       Variance     Lower       Upper       Median     PSRF+  Nruns
      ---------------------------------------------------------------------------------------
      length[1]      0.001418    0.000000    0.000550    0.002368    0.001360    1.000    2
      length[2]      0.001109    0.000000    0.000382    0.001957    0.001040    1.001    2
      length[3]      0.000156    0.000000    0.000000    0.000459    0.000108    1.000    2
      length[4]      0.000159    0.000000    0.000000    0.000460    0.000111    1.000    2
      length[5]      0.000159    0.000000    0.000000    0.000469    0.000115    1.001    2
      length[6]      0.000157    0.000000    0.000000    0.000468    0.000108    1.001    2
      length[7]      0.000315    0.000000    0.000016    0.000768    0.000262    1.000    2
      length[8]      0.000313    0.000000    0.000010    0.000774    0.000253    1.001    2
      length[9]      0.000157    0.000000    0.000000    0.000465    0.000109    1.001    2
      length[10]     0.000315    0.000000    0.000013    0.000754    0.000264    1.000    2
      length[11]     0.000160    0.000000    0.000000    0.000466    0.000113    1.000    2
      length[12]     0.000152    0.000000    0.000000    0.000474    0.000101    1.000    2
      length[13]     0.000157    0.000000    0.000000    0.000457    0.000110    1.000    2
      length[14]     0.000159    0.000000    0.000000    0.000474    0.000109    1.000    2
      length[15]     0.000161    0.000000    0.000000    0.000481    0.000110    1.000    2
      length[16]     0.000158    0.000000    0.000000    0.000466    0.000113    1.000    2
      length[17]     0.000324    0.000000    0.000008    0.000750    0.000278    1.001    2
      length[18]     0.000159    0.000000    0.000000    0.000481    0.000103    1.001    2
      length[19]     0.000160    0.000000    0.000000    0.000472    0.000113    1.000    2
      length[20]     0.000779    0.000000    0.000177    0.001438    0.000728    1.000    2
      length[21]     0.000309    0.000000    0.000013    0.000740    0.000261    1.001    2
      length[22]     0.000464    0.000000    0.000047    0.000960    0.000414    1.000    2
      length[23]     0.000159    0.000000    0.000000    0.000472    0.000110    1.000    2
      length[24]     0.000160    0.000000    0.000000    0.000480    0.000112    1.000    2
      length[25]     0.000795    0.000000    0.000184    0.001481    0.000740    1.000    2
      length[26]     0.000157    0.000000    0.000000    0.000460    0.000110    1.001    2
      length[27]     0.000154    0.000000    0.000000    0.000465    0.000109    1.000    2
      length[28]     0.000151    0.000000    0.000000    0.000462    0.000106    1.001    2
      length[29]     0.000159    0.000000    0.000000    0.000482    0.000111    1.000    2
      length[30]     0.000317    0.000000    0.000015    0.000764    0.000262    1.000    2
      length[31]     0.000312    0.000000    0.000005    0.000766    0.000259    1.000    2
      length[32]     0.000161    0.000000    0.000000    0.000463    0.000117    1.001    2
      length[33]     0.000155    0.000000    0.000000    0.000471    0.000103    1.000    2
      length[34]     0.000158    0.000000    0.000000    0.000468    0.000110    1.000    2
      length[35]     0.000941    0.000000    0.000274    0.001735    0.000889    1.001    2
      length[36]     0.000156    0.000000    0.000000    0.000456    0.000110    1.001    2
      length[37]     0.000156    0.000000    0.000000    0.000470    0.000107    1.000    2
      length[38]     0.000157    0.000000    0.000000    0.000472    0.000112    1.000    2
      length[39]     0.000323    0.000000    0.000006    0.000785    0.000271    1.000    2
      length[40]     0.000163    0.000000    0.000000    0.000477    0.000114    1.000    2
      length[41]     0.000161    0.000000    0.000000    0.000486    0.000110    1.000    2
      length[42]     0.000319    0.000000    0.000004    0.000772    0.000268    1.000    2
      length[43]     0.000157    0.000000    0.000000    0.000475    0.000105    1.000    2
      length[44]     0.000158    0.000000    0.000000    0.000477    0.000108    1.000    2
      length[45]     0.000312    0.000000    0.000008    0.000732    0.000261    1.001    2
      length[46]     0.000160    0.000000    0.000000    0.000492    0.000111    1.000    2
      length[47]     0.000165    0.000000    0.000000    0.000483    0.000116    1.000    2
      length[48]     0.000310    0.000000    0.000006    0.000738    0.000254    1.000    2
      length[49]     0.000320    0.000000    0.000006    0.000748    0.000264    1.000    2
      length[50]     0.000159    0.000000    0.000000    0.000479    0.000109    1.000    2
      length[51]     0.000162    0.000000    0.000000    0.000478    0.000115    1.000    2
      length[52]     0.000159    0.000000    0.000000    0.000488    0.000106    1.000    2
      length[53]     0.000160    0.000000    0.000000    0.000488    0.000112    1.000    2
      length[54]     0.000149    0.000000    0.000000    0.000436    0.000105    1.000    2
      length[55]     0.000158    0.000000    0.000000    0.000460    0.000114    1.000    2
      length[56]     0.000153    0.000000    0.000000    0.000466    0.000107    1.001    2
      length[57]     0.000625    0.000000    0.000147    0.001229    0.000576    1.000    2
      length[58]     0.000157    0.000000    0.000000    0.000488    0.000106    1.000    2
      length[59]     0.000633    0.000000    0.000116    0.001279    0.000577    1.001    2
      length[60]     0.000163    0.000000    0.000000    0.000493    0.000114    1.002    2
      length[61]     0.000473    0.000000    0.000043    0.001002    0.000424    1.001    2
      length[62]     0.000784    0.000000    0.000187    0.001509    0.000729    1.002    2
      length[63]     0.000155    0.000000    0.000000    0.000466    0.000108    1.000    2
      length[64]     0.000165    0.000000    0.000000    0.000493    0.000118    1.000    2
      length[65]     0.000155    0.000000    0.000000    0.000467    0.000107    1.001    2
      length[66]     0.000156    0.000000    0.000000    0.000467    0.000106    1.000    2
      length[67]     0.000317    0.000000    0.000013    0.000752    0.000268    1.000    2
      length[68]     0.000152    0.000000    0.000000    0.000447    0.000107    1.000    2
      length[69]     0.000314    0.000000    0.000005    0.000734    0.000265    1.000    2
      length[70]     0.000161    0.000000    0.000000    0.000487    0.000115    1.000    2
      length[71]     0.000153    0.000000    0.000000    0.000464    0.000103    1.000    2
      length[72]     0.000303    0.000000    0.000012    0.000743    0.000254    1.000    2
      length[73]     0.000158    0.000000    0.000000    0.000484    0.000110    1.000    2
      length[74]     0.000161    0.000000    0.000000    0.000486    0.000115    1.000    2
      length[75]     0.000472    0.000000    0.000039    0.001033    0.000417    1.001    2
      length[76]     0.000160    0.000000    0.000000    0.000474    0.000111    1.000    2
      length[77]     0.000320    0.000000    0.000005    0.000760    0.000269    1.000    2
      length[78]     0.000157    0.000000    0.000000    0.000469    0.000105    1.000    2
      length[79]     0.000156    0.000000    0.000000    0.000458    0.000111    1.000    2
      length[80]     0.000162    0.000000    0.000000    0.000484    0.000110    1.000    2
      length[81]     0.000310    0.000000    0.000010    0.000750    0.000258    1.001    2
      length[82]     0.000159    0.000000    0.000000    0.000482    0.000112    1.000    2
      length[83]     0.000155    0.000000    0.000000    0.000474    0.000108    1.000    2
      length[84]     0.000328    0.000000    0.000007    0.000770    0.000277    1.000    2
      length[85]     0.000165    0.000000    0.000000    0.000499    0.000116    1.002    2
      length[86]     0.000161    0.000000    0.000000    0.000490    0.000108    1.001    2
      length[87]     0.000157    0.000000    0.000000    0.000454    0.000114    1.000    2
      length[88]     0.000307    0.000000    0.000009    0.000732    0.000261    1.000    2
      length[89]     0.000154    0.000000    0.000000    0.000471    0.000104    1.001    2
      length[90]     0.000158    0.000000    0.000000    0.000480    0.000110    1.000    2
      length[91]     0.000317    0.000000    0.000012    0.000751    0.000271    1.000    2
      length[92]     0.000478    0.000000    0.000065    0.001033    0.000427    1.002    2
      length[93]     0.000151    0.000000    0.000000    0.000453    0.000104    1.001    2
      length[94]     0.000160    0.000000    0.000000    0.000494    0.000110    1.002    2
      length[95]     0.000313    0.000000    0.000007    0.000771    0.000259    1.000    2
      length[96]     0.000159    0.000000    0.000000    0.000481    0.000108    1.000    2
      length[97]     0.000317    0.000000    0.000005    0.000747    0.000268    1.001    2
      length[98]     0.000158    0.000000    0.000000    0.000475    0.000113    1.001    2
      length[99]     0.000482    0.000000    0.000038    0.001037    0.000431    1.000    2
      length[100]    0.000153    0.000000    0.000000    0.000457    0.000104    1.001    2
      length[101]    0.000153    0.000000    0.000000    0.000457    0.000105    1.000    2
      length[102]    0.000159    0.000000    0.000000    0.000480    0.000109    1.001    2
      length[103]    0.000152    0.000000    0.000000    0.000465    0.000104    1.001    2
      length[104]    0.000155    0.000000    0.000000    0.000471    0.000108    1.000    2
      length[105]    0.000310    0.000000    0.000014    0.000750    0.000254    1.000    2
      length[106]    0.000155    0.000000    0.000000    0.000472    0.000110    1.000    2
      length[107]    0.000155    0.000000    0.000000    0.000475    0.000107    1.001    2
      length[108]    0.000154    0.000000    0.000000    0.000456    0.000107    1.000    2
      length[109]    0.000157    0.000000    0.000000    0.000470    0.000108    1.000    2
      length[110]    0.000160    0.000000    0.000000    0.000469    0.000110    1.000    2
      length[111]    0.000791    0.000000    0.000187    0.001494    0.000737    1.000    2
      length[112]    0.000464    0.000000    0.000044    0.000972    0.000415    1.001    2
      length[113]    0.005547    0.000001    0.003617    0.007454    0.005490    1.000    2
      length[114]    0.000637    0.000000    0.000109    0.001301    0.000571    1.001    2
      length[115]    0.001420    0.000000    0.000589    0.002385    0.001373    1.000    2
      length[116]    0.000471    0.000000    0.000050    0.001005    0.000427    1.000    2
      length[117]    0.000642    0.000000    0.000114    0.001273    0.000593    1.000    2
      length[118]    0.000787    0.000000    0.000201    0.001455    0.000745    1.000    2
      length[119]    0.000473    0.000000    0.000034    0.001003    0.000420    1.000    2
      length[120]    0.000626    0.000000    0.000111    0.001258    0.000579    1.000    2
      length[121]    0.000625    0.000000    0.000139    0.001271    0.000573    1.000    2
      length[122]    0.001279    0.000000    0.000466    0.002207    0.001206    1.000    2
      length[123]    0.000625    0.000000    0.000118    0.001259    0.000569    1.001    2
      length[124]    0.000464    0.000000    0.000058    0.000985    0.000418    1.000    2
      length[125]    0.000472    0.000000    0.000041    0.000994    0.000424    1.000    2
      length[126]    0.000308    0.000000    0.000005    0.000740    0.000256    1.001    2
      length[127]    0.000332    0.000000    0.000011    0.000769    0.000285    1.000    2
      length[128]    0.000316    0.000000    0.000012    0.000763    0.000265    1.001    2
      length[129]    0.000477    0.000000    0.000051    0.001030    0.000427    1.000    2
      length[130]    0.000320    0.000000    0.000002    0.000740    0.000271    1.000    2
      length[131]    0.000316    0.000000    0.000010    0.000738    0.000268    1.001    2
      length[132]    0.000318    0.000000    0.000010    0.000763    0.000267    1.000    2
      length[133]    0.000319    0.000000    0.000013    0.000788    0.000265    1.000    2
      length[134]    0.000321    0.000000    0.000004    0.000775    0.000270    1.000    2
      length[135]    0.000309    0.000000    0.000004    0.000743    0.000257    1.001    2
      length[136]    0.000314    0.000000    0.000005    0.000769    0.000261    1.000    2
      length[137]    0.000325    0.000000    0.000004    0.000795    0.000268    1.000    2
      length[138]    0.000309    0.000000    0.000011    0.000748    0.000256    1.001    2
      length[139]    0.000314    0.000000    0.000009    0.000752    0.000263    1.000    2
      length[140]    0.000315    0.000000    0.000005    0.000756    0.000264    1.000    2
      length[141]    0.000328    0.000000    0.000006    0.000788    0.000270    1.000    2
      length[142]    0.000293    0.000000    0.000000    0.000731    0.000243    1.000    2
      length[143]    0.000314    0.000000    0.000001    0.000767    0.000263    1.000    2
      length[144]    0.000303    0.000000    0.000000    0.000764    0.000250    1.000    2
      length[145]    0.000301    0.000000    0.000001    0.000734    0.000251    1.001    2
      length[146]    0.000160    0.000000    0.000000    0.000499    0.000108    1.000    2
      length[147]    0.000156    0.000000    0.000000    0.000463    0.000111    1.000    2
      length[148]    0.000164    0.000000    0.000000    0.000489    0.000116    1.000    2
      length[149]    0.000157    0.000000    0.000000    0.000459    0.000107    1.001    2
      length[150]    0.000162    0.000000    0.000000    0.000492    0.000116    1.000    2
      length[151]    0.000159    0.000000    0.000000    0.000461    0.000116    1.000    2
      length[152]    0.000173    0.000000    0.000000    0.000508    0.000120    1.001    2
      length[153]    0.000153    0.000000    0.000000    0.000472    0.000106    1.000    2
      length[154]    0.000160    0.000000    0.000000    0.000469    0.000110    1.000    2
      length[155]    0.000151    0.000000    0.000000    0.000458    0.000103    1.000    2
      length[156]    0.000160    0.000000    0.000000    0.000475    0.000108    1.000    2
      length[157]    0.000155    0.000000    0.000000    0.000466    0.000108    1.000    2
      length[158]    0.000162    0.000000    0.000000    0.000480    0.000113    1.000    2
      length[159]    0.000152    0.000000    0.000000    0.000479    0.000100    1.001    2
      length[160]    0.000160    0.000000    0.000000    0.000473    0.000112    1.001    2
      length[161]    0.000161    0.000000    0.000000    0.000456    0.000111    1.000    2
      length[162]    0.000160    0.000000    0.000000    0.000479    0.000110    1.000    2
      length[163]    0.000151    0.000000    0.000000    0.000464    0.000103    1.002    2
      length[164]    0.000152    0.000000    0.000000    0.000457    0.000107    1.000    2
      length[165]    0.000154    0.000000    0.000000    0.000456    0.000107    1.001    2
      length[166]    0.000159    0.000000    0.000000    0.000473    0.000112    1.000    2
      length[167]    0.000159    0.000000    0.000000    0.000469    0.000112    1.000    2
      length[168]    0.000155    0.000000    0.000000    0.000472    0.000106    1.000    2
      length[169]    0.000157    0.000000    0.000000    0.000466    0.000108    1.001    2
      length[170]    0.000152    0.000000    0.000000    0.000463    0.000107    1.000    2
      length[171]    0.000155    0.000000    0.000000    0.000476    0.000105    1.000    2
      length[172]    0.000155    0.000000    0.000000    0.000459    0.000104    1.000    2
      length[173]    0.000151    0.000000    0.000000    0.000450    0.000103    1.003    2
      length[174]    0.000157    0.000000    0.000000    0.000481    0.000111    1.000    2
      length[175]    0.000156    0.000000    0.000000    0.000458    0.000107    1.000    2
      length[176]    0.000157    0.000000    0.000000    0.000473    0.000112    1.000    2
      length[177]    0.000163    0.000000    0.000000    0.000499    0.000114    1.000    2
      length[178]    0.000156    0.000000    0.000000    0.000465    0.000110    1.001    2
      length[179]    0.000152    0.000000    0.000000    0.000480    0.000102    1.000    2
      length[180]    0.000156    0.000000    0.000000    0.000473    0.000103    1.000    2
      length[181]    0.000155    0.000000    0.000000    0.000460    0.000104    1.004    2
      length[182]    0.000165    0.000000    0.000000    0.000506    0.000114    1.000    2
      length[183]    0.000148    0.000000    0.000000    0.000439    0.000103    1.000    2
      length[184]    0.000154    0.000000    0.000000    0.000464    0.000111    1.000    2
      length[185]    0.000158    0.000000    0.000000    0.000475    0.000111    1.000    2
      length[186]    0.000154    0.000000    0.000000    0.000466    0.000107    1.000    2
      length[187]    0.000161    0.000000    0.000000    0.000467    0.000113    1.004    2
      length[188]    0.000163    0.000000    0.000000    0.000460    0.000118    1.001    2
      length[189]    0.000158    0.000000    0.000000    0.000487    0.000108    1.000    2
      length[190]    0.000157    0.000000    0.000000    0.000456    0.000114    1.001    2
      length[191]    0.000154    0.000000    0.000000    0.000456    0.000111    1.003    2
      length[192]    0.000153    0.000000    0.000000    0.000446    0.000106    1.001    2
      length[193]    0.000144    0.000000    0.000000    0.000437    0.000100    1.001    2
      length[194]    0.000157    0.000000    0.000000    0.000466    0.000117    1.000    2
      length[195]    0.000155    0.000000    0.000000    0.000449    0.000113    1.000    2
      length[196]    0.000155    0.000000    0.000000    0.000474    0.000110    1.001    2
      length[197]    0.000153    0.000000    0.000000    0.000472    0.000104    1.003    2
      length[198]    0.000157    0.000000    0.000000    0.000486    0.000109    1.000    2
      length[199]    0.000156    0.000000    0.000000    0.000430    0.000112    1.000    2
      length[200]    0.000158    0.000000    0.000000    0.000460    0.000118    1.001    2
      length[201]    0.000159    0.000000    0.000000    0.000457    0.000113    1.001    2
      length[202]    0.000153    0.000000    0.000000    0.000471    0.000104    1.001    2
      length[203]    0.000158    0.000000    0.000000    0.000470    0.000105    1.000    2
      length[204]    0.000151    0.000000    0.000000    0.000432    0.000101    1.000    2
      length[205]    0.000156    0.000000    0.000000    0.000468    0.000107    1.000    2
      length[206]    0.000153    0.000000    0.000000    0.000461    0.000104    1.000    2
      length[207]    0.000157    0.000000    0.000000    0.000474    0.000113    1.000    2
      length[208]    0.000154    0.000000    0.000000    0.000473    0.000102    1.000    2
      length[209]    0.000153    0.000000    0.000000    0.000470    0.000104    1.001    2
      length[210]    0.000156    0.000000    0.000000    0.000460    0.000110    1.000    2
      length[211]    0.000157    0.000000    0.000000    0.000461    0.000117    1.001    2
      length[212]    0.000160    0.000000    0.000000    0.000475    0.000110    1.004    2
      length[213]    0.000158    0.000000    0.000000    0.000492    0.000104    1.000    2
      length[214]    0.000154    0.000000    0.000000    0.000477    0.000106    1.000    2
      length[215]    0.000151    0.000000    0.000000    0.000445    0.000107    1.000    2
      length[216]    0.000144    0.000000    0.000000    0.000450    0.000098    1.000    2
      length[217]    0.000147    0.000000    0.000000    0.000451    0.000099    1.000    2
      length[218]    0.000150    0.000000    0.000000    0.000440    0.000104    1.001    2
      length[219]    0.000162    0.000000    0.000001    0.000471    0.000117    1.006    2
      length[220]    0.000157    0.000000    0.000000    0.000494    0.000107    1.000    2
      length[221]    0.000164    0.000000    0.000000    0.000485    0.000106    1.000    2
      length[222]    0.000152    0.000000    0.000000    0.000449    0.000101    1.000    2
      length[223]    0.000169    0.000000    0.000000    0.000520    0.000120    1.001    2
      length[224]    0.000165    0.000000    0.000000    0.000507    0.000111    1.000    2
      length[225]    0.000156    0.000000    0.000000    0.000450    0.000110    1.001    2
      length[226]    0.000154    0.000000    0.000000    0.000449    0.000112    1.000    2
      length[227]    0.000165    0.000000    0.000000    0.000483    0.000118    1.000    2
      length[228]    0.000160    0.000000    0.000000    0.000485    0.000112    1.000    2
      length[229]    0.000160    0.000000    0.000000    0.000485    0.000108    1.002    2
      length[230]    0.000161    0.000000    0.000000    0.000460    0.000121    1.000    2
      length[231]    0.000159    0.000000    0.000000    0.000476    0.000109    1.000    2
      length[232]    0.000169    0.000000    0.000000    0.000485    0.000116    1.002    2
      length[233]    0.000166    0.000000    0.000000    0.000487    0.000119    1.001    2
      length[234]    0.000160    0.000000    0.000000    0.000493    0.000114    0.999    2
      ---------------------------------------------------------------------------------------
      + Convergence diagnostic (PSRF = Potential Scale Reduction Factor; Gelman
        and Rubin, 1992) should approach 1.0 as runs converge. NA is reported when
        deviation of parameter values within all runs is 0 or when a parameter
        value (a branch length, for instance) is not sampled in all runs.


      Summary statistics for partitions with frequency >= 0.10 in at least one run:
          Average standard deviation of split frequencies = 0.007031
          Maximum standard deviation of split frequencies = 0.072210
          Average PSRF for parameter values (excluding NA and >10.0) = 1.000
          Maximum PSRF for parameter values = 1.006


      Clade credibility values:

      Subtree rooted at node 176:

                /------------------------------------------------------ PQ843590 (38)
                |                                                                     
                |                                                /----- PV845829 (41)
                |                                           /-13-+                    
                |                                           |    \----- PQ828509 (43)
                |         /----------------9----------------+                         
                |         |                                 |    /----- PV949431 (46)
                |         |                                 \-13-+                    
                |         |                                      \----- PV457240 (62)
                |         |                                                           
                |         |                       /-------------------- PX718068 (83)
                |         |                       |                                   
                |         |                  /--8-+    /--------------- PX213013 (86)
                |         |                  |    |    |                              
                |         |                  |    \-100+    /---------- PX440775 (92)
                |         |                  |         |    |                         
                |         |                  |         \-99-+    /----- PX441183 (98)
                |         |             /--1-+              \-99-+                    
                |         |             |    |                   \----- PX750319 (110)
                |         |             |    |                                        
                |         |             |    |                   /----- PX104576 (85)
                |         |         /-2-+    \---------8---------+                    
           /--2-+    /-50-+         |   |                        \----- PX440847 (93)
           |    |    |    |         |   |                                             
           |    |    |    |         |   |                        /----- PX441119 (97)
           |    |    |    |         |   \------------8-----------+                    
           |    |    |    |         |                            \----- PX750335 (150)
           |    |    |    |         |                                                 
           |    |    |    |         |                            /----- PX279778 (88)
           |    |    |    |         |                       /-14-+                    
           |    |    |    |    /-97-+                       |    \----- PX750135 (96)
           |    |    |    |    |    |                  /-14-+                         
           |    |    |    |    |    |                  |    |    /----- PX440439 (91)
           |    |    |    |    |    |                  |    \-15-+                    
           |    |    |    |    |    |             /-99-+         \----- PX750103 (94)
           |    |    |    |    |    |             |    |                              
           |    |    |    |    |    |             |    \--------------- PX718436 (99)
           |    |    |    |    |    |             |                                   
           |    |    |    |    |    \------8------+         /---------- PX750327 (140)
           |    |    |    \-100+                  |         |                         
           |    |    |         |                  |    /-20-+    /----- PX750343 (180)
           |    |    |         |                  |    |    \-21-+                    
           |    |    |         |                  \-99-+         \----- PX750351 (190)
           |    \-53-+         |                       |                              
           |         |         |                       \--------------- PX750359 (110)
           |         |         |                                                      
           |         |         |                                 /----- PX359576 (89)
           |         |         \----------------99---------------+                    
           |         |                                           \----- PX359592 (90)
           |         |                                                                
           |         |                                           /----- PQ828909 (44)
           |         |                                      /-28-+                    
           |         |                                      |    \----- PV457168 (61)
      ---0-+         |              /-----------62----------+                         
           |         |              |                       \---------- PV456568 (51)
           |         |              |                                                 
           |         |              |                            /----- PV649171 (47)
           |         |              |                  /----6----+                    
           |         |              |                  |         \----- PQ830245 (53)
           |         |              |                  |                              
           |         |              |             /--0-+    /---------- PQ831557 (52)
           |         |              |             |    |    |                         
           |         |              |             |    \--6-+    /----- PV709421 (63)
           |         |              |             |         \-99-+                    
           |         \------100-----+        /--0-+              \----- PV709501 (66)
           |                        |        |    |                                   
           |                        |        |    |              /----- PV457088 (59)
           |                        |        |    \-------6------+                    
           |                        |   /--1-+                   \----- PV338932 (60)
           |                        |   |    |                                        
           |                        |   |    |         /--------------- PQ829485 (54)
           |                        |   |    |         |                              
           |                        |   |    \----6----+    /---------- PX717956 (74)
           |                        |   |              |    |                         
           |                        \-48+              \-100+    /----- PX718236 (87)
           |                            |                   \-100+                    
           |                            |                        \----- PX718412 (95)
           |                            |                                             
           |                            |                        /----- PV338556 (49)
           |                            \------------6-----------+                    
           |                                                     \----- PV215215 (50)
           |                                                                          
           |                                                     /----- PQ843790 (45)
           \--------------------------5--------------------------+                    
                                                                 \----- PV338836 (48)
                                                                                      
      Subtree rooted at node 199:

                                                       /--------------- PV459280 (10)
                                                       |                              
           /---------------------2---------------------+    /---------- PV132430 (32)
           |                                           |    |                         
           |                                           \-100+    /----- PQ832805 (55)
           |                                                \-100+                    
           |                                                     \----- PV396299 (56)
           |                                                                          
           |    /------------------------------------------------------ PV459304 (12)
           |    |                                                                     
           |    |                                                /----- PV572609 (36)
           |    |                                 /-------5------+                    
           |    |                                 |              \----- PQ828205 (37)
      ---0-+    |                                 |                                   
           |    |                                 |         /---------- PV792197 (58)
           |    |                            /--0-+         |                         
           |    |                            |    |    /-100+    /----- PV846173 (67)
           |    |                            |    |    |    \-99-+                    
           |    |                            |    |    |         \----- PV846317 (75)
           |    |                            |    \--5-+                              
           |    |                            |         |    /---------- PV949551 (68)
           |    |                            |         |    |                         
           |    |                       /--0-+         \-100+    /----- PV949575 (70)
           \--3-+                       |    |              \-33-+                    
                |                       |    |                   \----- PV949583 (71)
                |                       |    |                                        
                |                       |    |              /---------- (176)
                |                       |    |              |                         
                |    /---------4--------+    \-------0------+    /----- PV792141 (40)
                |    |                  |                   \--5-+                    
                |    |                  |                        \----- PQ843678 (42)
                |    |                  |                                             
                |    |                  |                        /----- PQ843622 (39)
                |    |                  \------------5-----------+                    
                |    |                                           \----- PV215751 (57)
                |    |                                                                
                |    |                                           /----- PX213389 (65)
                |    |                                      /-21-+                    
                \-100+                                      |    \----- PV649539 (69)
                     |    /----------------22---------------+                         
                     |    |                                 \---------- PX280018 (82)
                     |    |                                                           
                     |    |         /---------------------------------- PV846533 (73)
                     |    |         |                                                 
                     |    |         |                            /----- PV847157 (76)
                     |    |         |                       /-99-+                    
                     |    |         |                       |    \----- PV847165 (77)
                     |    |         |                  /--8-+                         
                     \-100+    /--8-+                  |    \---------- PV847333 (80)
                          |    |    |   /-------1------+                              
                          |    |    |   |              |         /----- PV847197 (78)
                          |    |    |   |              \----8----+                    
                          |    |    |   |                        \----- PV904637 (84)
                          |    |    \-2-+                                             
                          |    |        |    /------------------------- PX280002 (79)
                          |    |        |    |                                        
                          |    |        |    |    /-------------------- PX750375 (100)
                          \-100+        \--8-+    |                                   
                               |             |    |              /----- PX750383 (120)
                               |             |    |         /-21-+                    
                               |             \-100+         |    \----- PX750399 (160)
                               |                  |    /-21-+                         
                               |                  |    |    \---------- PX750391 (130)
                               |                  \-100+                              
                               |                       \--------------- PX750407 (170)
                               |                                                      
                               \--------------------------------------- PV950095 (81)
                                                                                      
      Root part of tree:

      /---------------------------------------------------------------- PP748207 (1)
      |                                                                               
      |                                                          /----- PX359352 (64)
      |----------------------------100---------------------------+                    
      |                                                          \----- PX359384 (72)
      |                                                                               
      |    /----------------------------------------------------------- PP748223 (2)
      |    |                                                                          
      |    |                                                     /----- PQ106997 (3)
      |    |                                           /----3----+                    
      |    |                                           |         \----- PQ832557 (25)
      |    |                                           |                              
      |    |                            /-------0------+         /----- PQ011795 (14)
      |    |                            |              |    /-98-+                    
      |    |                            |              |    |    \----- PQ011811 (15)
      |    |                            |              \--2-+                         
      |    |                            |                   \---------- PQ168164 (20)
      |    |                            |                                             
      +    |                            |                        /----- PP755997 (6)
      |    |                            |    /---------3---------+                    
      |    |                            |    |                   \----- PV839281 (7)
      |    |                            |    |                                        
      |    |                            |    |    /-------------------- PV643554 (13)
      |    |                            |--0-+    |                                   
      |    |                            |    |    |              /----- PQ011243 (22)
      |    |                            |    |    |         /-15-+                    
      |    |                            |    \--3-+         |    \----- PQ482153 (35)
      |    |                            |         |    /-14-+                         
      |    |                            |         |    |    |    /----- PQ168084 (26)
      |    |                            |         |    |    \-15-+                    
      |    |                            |         \-100+         \----- PQ378839 (33)
      |    |                        /-0-+              |                              
      |    |                        |   |              \--------------- PQ377639 (27)
      |    |                        |   |                                             
      |    |                        |   |                        /----- PP753021 (8)
      |    |                        |   |                   /--3-+                    
      \-100+                        |   |                   |    \----- PQ379135 (28)
           |                        |   |---------0---------+                         
           |                        |   |                   |    /----- PQ832213 (23)
           |                        |   |                   \--2-+                    
           |                        |   |                        \----- PV459528 (24)
           |                        |   |                                             
           |                        |   |------------------------------ (199)
           |                        |   |                                             
           |                        |   |                        /----- PV459288 (11)
           |                   /--3-+   |         /-------2------+                    
           |                   |    |   |         |              \----- PQ423562 (34)
           |                   |    |   |         |                                   
           |                   |    |   |         |         /---------- PP799563 (19)
           |                   |    |   \----0----+         |                         
           |                   |    |             |    /-97-+    /----- PQ379527 (29)
           |                   |    |             |    |    \-100+                    
           |                   |    |             |    |         \----- PQ379543 (30)
           |                   |    |             \--0-+                              
           |              /-99-+    |                  |         /----- PV459240 (21)
           |              |    |    |                  \----3----+                    
           |              |    |    |                            \----- PQ379375 (31)
           |              |    |    |                                                 
           |              |    |    |                            /----- PP752608 (9)
           |         /-20-+    |    \--------------3-------------+                    
           |         |    |    |                                 \----- PP755813 (16)
           |         |    |    |                                                      
           |         |    |    \--------------------------------------- PQ241100 (4)
           |    /-21-+    |                                                           
           |    |    |    \-------------------------------------------- PQ832381 (17)
           |    |    |                                                                
           \-100+    \------------------------------------------------- PQ274814 (18)
                |                                                                     
                \------------------------------------------------------ PP756045 (5)
                                                                                      

      Phylogram (based on average branch lengths):

      /------------ PP748207 (1)
      |                                                                               
      |                                                 /- PX359352 (64)
      |-------------------------------------------------+                             
      |                                                 \-- PX359384 (72)
      |                                                                               
      |           /---------- PP748223 (2)
      |           |                                                                   
      |           |                 /- PQ106997 (3)
      |           |                /+                                                 
      |           |                |\------- PQ832557 (25)
      |           |                |                                                  
      |           |               /+   /- PQ011795 (14)
      |           |               ||/--+                                              
      |           |               |||  \- PQ011811 (15)
      |           |               |\+                                                 
      |           |               | \------- PQ168164 (20)
      |           |               |                                                   
      |           |               |/- PP755997 (6)
      |           |               |+                                                  
      |           |               |\-- PV839281 (7)
      |           |               |                                                   
      |           |               |/- PV643554 (13)
      |           |               ||                                                  
      |           |               ||     /--- PQ011243 (22)
      |           |               ||    /+                                            
      |           |               |+    |\-------- PQ482153 (35)
      |           |               ||   /+                                             
      |           |               ||   ||/- PQ168084 (26)
      |           |               ||   |\+                                            
      |           |               |\---+ \- PQ378839 (33)
      |           |               |    |                                              
      |           |               |    \- PQ377639 (27)
      |           |               |                                                   
      |           |               | /-- PP753021 (8)
      |           |               |/+                                                 
      |           |               ||\- PQ379135 (28)
      |           |               |+                                                  
      |           |               ||/- PQ832213 (23)
      |           |               |\+                                                 
      |           |               | \- PV459528 (24)
      |           |               |                                                   
      |           |               |/--- PV459280 (10)
      |           |               ||                                                  
      |           |               |+   /- PV132430 (32)
      |           |               ||   |                                              
      |           |               |\---+          /- PQ832805 (55)
      |           |               |    \----------+                                   
      |           |               |               \- PV396299 (56)
      |           |               |                                                   
      |           |               |/- PV459304 (12)
      |           |               ||                                                  
      |           |               ||          /- PV572609 (36)
      |           |               ||         /+                                       
      |           |               ||         |\- PQ828205 (37)
      +           |               ||         |                                        
      |           |               ||         |     /- PV792197 (58)
      |           |               ||       /-+     |                                  
      |           |               ||       | |/----+ /--- PV846173 (67)
      |           |               ||       | ||    \-+                                
      |           |               ||       | ||      \---- PV846317 (75)
      |           |               ||       | \+                                       
      |           |               ||       |  |    /- PV949551 (68)
      |           |               ||       |  |    |                                  
      |           |               ||       |  \----+/- PV949575 (70)
      |           |               ||       |       \+                                 
      |           |               ||       |        \- PV949583 (71)
      |           |               ||       |                                          
      |           |               ||       |  /- PQ843590 (38)
      |           |               ||       |  |                                       
      |           |               ||       |  |      /- PV845829 (41)
      |           |               ||       |  |     /+                                
      |           |               ||       |  |     |\- PQ828509 (43)
      |           |               ||       |  |    /+                                 
      |           |               ||       |  |    ||/- PV949431 (46)
      |           |               ||       |  |    |\+                                
      |           |               ||       |  |    | \------- PV457240 (62)
      |           |               ||       |  |    |                                  
      |           |               ||       |  |    |          /- PX718068 (83)
      |           |               ||       |  |    |          |                       
      |           |               ||       |  |    |         /+ /- PX213013 (86)
      |           |               ||       |  |    |         || |                     
      |           |               ||       |  |    |         |\-+  /--- PX440775 (92)
      |           |               ||       |  |    |         |  |  |                  
      |           |               ||       |  |    |         |  \--+ /- PX441183 (98)
      |           |               ||       |  |    |        /+     \-+                
      |           |               ||       |  |    |        ||       \- PX750319 (110)
      |           |               ||       |  |    |        ||                        
      |           |               ||       |  |    |        ||/- PX104576 (85)
      |           |               ||       |  |    |       /+\+                       
      |           |               ||       | /+  /-+       || \- PX440847 (93)
      |           |               ||       | ||  | |       ||                         
      |           |               ||       | ||  | |       ||/-- PX441119 (97)
      |           |               ||       | ||  | |       |\+                        
      |           |               ||       | ||  | |       | \-- PX750335 (150)
      |           |               ||       | ||  | |       |                          
      |           |               ||       | ||  | |       |    /--- PX279778 (88)
      |           |               ||       | ||  | |       |   /+                     
      |           |               ||      /+ ||  | |    /--+   |\- PX750135 (96)
      |           |               ||      || ||  | |    |  |  /+                      
      |           |               ||      || ||  | |    |  |  ||/--- PX440439 (91)
      |           |               |+      || ||  | |    |  |  |\+                     
      |           |               ||      || ||  | |    |  |/-+ \- PX750103 (94)
      |           |               ||      || ||  | |    |  || |                       
      |           |               ||      || ||  | |    |  || \---- PX718436 (99)
      |           |               ||      || ||  | |    |  ||                         
      |           |           /---+|      || ||  | |    |  \+  /- PX750327 (140)
      |           |           |   ||      || ||  | \----+   |  |                      
      |           |           |   ||      || ||  |      |   | /+/- PX750343 (180)
      |           |           |   ||      || ||  |      |   | |\+                     
      \-----------+           |   ||      || ||  |      |   \-+ \- PX750351 (190)
                  |           |   ||      || |\--+      |     |                       
                  |           |   ||      || |   |      |     \- PX750359 (110)
                  |           |   ||      || |   |      |                             
                  |           |   ||      || |   |      |  /- PX359576 (89)
                  |           |   ||      || |   |      \--+                          
                  |           |   ||      || |   |         \- PX359592 (90)
                  |           |   ||      || |   |                                    
                  |           |   ||      || |   |      /- PQ828909 (44)
                  |           |   ||      || |   |     /+                             
                  |           |   ||      || |   |     |\---- PV457168 (61)
                  |           |   ||      || |   |   /-+                              
                  |           |   ||      || |   |   | \- PV456568 (51)
                  |           |   ||      || |   |   |                                
                  |           |   ||      || |   |   |     /- PV649171 (47)
                  |           |   ||      || |   |   |    /+                          
                  |           |   ||      || |   |   |    |\- PQ830245 (53)
                  |           |   ||      || |   |   |    |                           
                  |           |   ||      || |   |   |   /+/- PQ831557 (52)
                  |           |   ||     /+| |   |   |   |||                          
                  |           |   ||     ||| |   |   |   |\+ /- PV709421 (63)
                  |           |   ||     ||| |   |   |   | \-+                        
                  |           |   ||     ||| |   \---+  /+   \- PV709501 (66)
                  |           |   ||     ||| |       |  ||                            
                  |           |   ||     ||| |       |  ||/----- PV457088 (59)
                  |           |   ||     ||| |       |  |\+                           
                  |           |   ||     ||| |       | /+ \- PV338932 (60)
                  |           |   ||     ||| |       | ||                             
                  |           |   ||     ||\-+       | ||/- PQ829485 (54)
                  |           |   ||     ||  |       | |||                            
                  |           |   ||     ||  |       | |\+   /- PX717956 (74)
                  |           |   ||     ||  |       | | |   |                        
                  |           |   ||     ||  |       \-+ \---+ /- PX718236 (87)
                  |           |   ||     ||  |         |     \-+                      
                  |           |   ||     ||  |         |       \-- PX718412 (95)
                  |           |   ||     ||  |         |                              
                  |           |   ||     ||  |         |/-- PV338556 (49)
                  |           |   ||     ||  |         \+                             
                  |           |   ||     ||  |          \- PV215215 (50)
                  |           |   ||     ||  |                                        
                  |           |   ||     ||  |/--- PQ843790 (45)
                  |           |   ||     ||  |+                                       
                  |           |   |\-----+|  |\--- PV338836 (48)
                  |           |   |      ||  |                                        
                  |           |   |      ||  |/- PV792141 (40)
                  |           |   |      ||  \+                                       
                  |           |   |      ||   \-- PQ843678 (42)
                  |           |   |      ||                                           
                  |          /+   |      ||/-- PQ843622 (39)
                  |          ||   |      |\+                                          
                  |          ||   |      | \----- PV215751 (57)
                  |          ||   |      |                                            
                  |          ||   |      |    /- PX213389 (65)
                  |          ||   |      |   /+                                       
                  |          ||   |      |   |\--- PV649539 (69)
                  |          ||   |      |  /+                                        
                  |          ||   |      |  |\- PX280018 (82)
                  |          ||   |      |  |                                         
                  |          ||   |      |  |       /- PV846533 (73)
                  |          ||   |      |  |       |                                 
                  |          ||   |      |  |       |    /- PV847157 (76)
                  |          ||   |      |  |       |  /-+                            
                  |          ||   |      |  |       |  | \--- PV847165 (77)
                  |          ||   |      |  |       | /+                              
                  |          ||   |      \--+      /+ |\- PV847333 (80)
                  |          ||   |         |      ||/+                               
                  |          ||   |         |      ||||/- PV847197 (78)
                  |          ||   |         |      |||\+                              
                  |          ||   |         |      ||| \--- PV904637 (84)
                  |          ||   |         |      |\+                                
                  |          ||   |         |      | |/- PX280002 (79)
                  |          ||   |         |      | ||                               
                  |          ||   |         |      | ||    /- PX750375 (100)
                  |          ||   |         \------+ \+    |                          
                  |          ||   |                |  |    |     /- PX750383 (120)
                  |        /-+|   |                |  |    |    /+                    
                  |        | ||   |                |  \----+    |\- PX750399 (160)
                  |        | ||   |                |       |   /+                     
                  |        | ||   |                |       |   |\- PX750391 (130)
                  |        | ||   |                |       \---+                      
                  |        | ||   |                |           \- PX750407 (170)
                  |        | ||   |                |                                  
                  |        | ||   |                \-- PV950095 (81)
                  |        | ||   |                                                   
                  |        | ||   |/- PV459288 (11)
                  |        | ||   |+                                                  
                  |        | ||   |\- PQ423562 (34)
                  |        | ||   |                                                   
                  |        | ||   |  /- PP799563 (19)
                  |        | ||   |  |                                                
                  |       /+ ||   |/-+  /- PQ379527 (29)
                  |       || ||   || \--+                                             
                  |       || ||   ||    \-- PQ379543 (30)
                  |       || ||   \+                                                  
                  |       || ||    |/-- PV459240 (21)
                  |       || ||    \+                                                 
                  |       || ||     \-- PQ379375 (31)
                  |       || ||                                                       
                  |      /+| ||/- PP752608 (9)
                  |      ||| |\+                                                      
                  |      ||| | \- PP755813 (16)
                  |      ||| |                                                        
                  |      ||| \- PQ241100 (4)
                  \------+||                                                          
                         ||\--- PQ832381 (17)
                         ||                                                           
                         |\- PQ274814 (18)
                         |                                                            
                         \- PP756045 (5)
                                                                                      
      |--------| 0.001 expected changes per site

      Calculating tree probabilities...

      Credible sets of trees (15002 trees sampled):
         50 % credible set contains 7501 trees
         90 % credible set contains 13502 trees
         95 % credible set contains 14252 trees
         99 % credible set contains 14852 trees

      Using relative burnin (a fraction of samples discarded).
      Setting burnin fraction to 0.25
      Summarizing parameters in files results/h5n1_dairy_cattle_2024/h5n1_dairy_cattle_2024_mb.run1.p and results/h5n1_dairy_cattle_2024/h5n1_dairy_cattle_2024_mb.run2.p
      Writing summary statistics to file results/h5n1_dairy_cattle_2024/h5n1_dairy_cattle_2024_mb.pstat
      Using relative burnin ('relburnin=yes'), discarding the first 25 % of samples

      Below are rough plots of the generation (x-axis) versus the log   
      probability of observing the data (y-axis). You can use these     
      graphs to determine what the burn in for your analysis should be. 
      When the log probability starts to plateau you may be at station- 
      arity. Sample trees and parameters after the log probability      
      plateaus. Of course, this is not a guarantee that you are at sta- 
      tionarity. Also examine the convergence diagnostics provided by   
      the 'sump' and 'sumt' commands for all the parameters in your     
      model. Remember that the burn in is the number of samples to dis- 
      card. There are a total of ngen / samplefreq samples taken during 
      a MCMC analysis.                                                  

      Overlay plot for both runs:
      (1 = Run number 1; 2 = Run number 2; * = Both runs)

      +------------------------------------------------------------+ -3773.06
      |  1   1           2     1       2            1              |
      |     1   2                               2                  |
      |    1   1          1           1                     2  1   |
      |   1        1 2                    2    2 2               11|
      | 1     1       1 2  2    2   *  1          1    1     1    2|
      |1     2   *2  1         2 1        121 11 1  2*121   1 12   |
      |   2   22  1          1*   2   2    121    22      2   2 1  |
      |  2          2 22 1 1 2  1  2 2                2    1     2 |
      |         1           *    2   1  *1    2            2 2     |
      |             1  1  2                     1  1     2         |
      |22               1         1      2   2          211     2  |
      |            2                                               |
      |     2                                                      |
      |                            1                               |
      |    2                                                       |
      +------+-----+-----+-----+-----+-----+-----+-----+-----+-----+ -3787.43
      ^                                                            ^
      500000                                                       2000000


      Estimated marginal likelihoods for runs sampled in files
         "results/h5n1_dairy_cattle_2024/h5n1_dairy_cattle_2024_mb.run1.p" and "results/h5n1_dairy_cattle_2024/h5n1_dairy_cattle_2024_mb.run2.p":
         (Use the harmonic mean for Bayes factor comparisons of models)

         (Values are saved to the file results/h5n1_dairy_cattle_2024/h5n1_dairy_cattle_2024_mb.lstat)

      Run   Arithmetic mean   Harmonic mean
      --------------------------------------
        1      -3754.44         -3812.99
        2      -3751.86         -3811.94
      --------------------------------------
      TOTAL    -3752.48         -3812.60
      --------------------------------------


      Model parameter summaries over the runs sampled in files
         "results/h5n1_dairy_cattle_2024/h5n1_dairy_cattle_2024_mb.run1.p" and "results/h5n1_dairy_cattle_2024/h5n1_dairy_cattle_2024_mb.run2.p":
         Summaries are based on a total of 15002 samples from 2 runs.
         Each run produced 10001 samples of which 7501 samples were included.
         Parameter summaries saved to file "results/h5n1_dairy_cattle_2024/h5n1_dairy_cattle_2024_mb.pstat".

                                            95% HPD Interval
                                          --------------------
      Parameter      Mean      Variance     Lower       Upper       Median    min ESS*  avg ESS    PSRF+ 
      --------------------------------------------------------------------------------------------------
      TL          0.061224    0.000024    0.051600    0.070654    0.061060   6249.58   6666.86    1.000
      r(A<->C)    0.077769    0.000396    0.042162    0.118385    0.076209   1871.83   1901.45    1.001
      r(A<->G)    0.353180    0.001466    0.280480    0.428180    0.352089   1354.62   1354.81    1.000
      r(A<->T)    0.032684    0.000135    0.011773    0.055742    0.031359   1892.59   1944.26    1.000
      r(C<->G)    0.015359    0.000119    0.000377    0.036876    0.012862   1638.63   1677.99    1.000
      r(C<->T)    0.495850    0.001806    0.417069    0.580445    0.495847   1249.12   1254.09    1.001
      r(G<->T)    0.025158    0.000157    0.003755    0.049189    0.023148   1616.91   1678.70    1.000
      pi(A)       0.348465    0.000131    0.324460    0.369283    0.348534   2229.81   2333.43    1.000
      pi(C)       0.184954    0.000086    0.166885    0.202812    0.184791   2324.85   2548.06    1.000
      pi(G)       0.228847    0.000100    0.209455    0.248653    0.228916   2439.44   2513.49    1.000
      pi(T)       0.237734    0.000105    0.218671    0.258525    0.237559   2348.81   2504.14    1.000
      alpha       1.087945    0.761335    0.006860    2.742165    0.838752   2879.78   3017.04    1.000
      pinvar      0.333708    0.030306    0.000051    0.608109    0.340380   2141.34   2422.90    1.000
      --------------------------------------------------------------------------------------------------
      * Convergence diagnostic (ESS = Estimated Sample Size); min and avg values
        correspond to minimal and average ESS among runs. 
        ESS value below 100 may indicate that the parameter is undersampled. 
      + Convergence diagnostic (PSRF = Potential Scale Reduction Factor; Gelman
        and Rubin, 1992) should approach 1.0 as runs converge.


   Exiting mrbayes block
   Reached end of file

   Tasks completed, exiting program because mode is noninteractive
   To return control to the command line after completion of file processing, 
   set mode to interactive with 'mb -i <filename>' (i is for interactive)
   or use 'set mode=interactive'

