

                            MrBayes 3.2.7a x86_64

                      (Bayesian Analysis of Phylogeny)

              Distributed under the GNU General Public License


               Type "help" or "help <command>" for information
                     on the commands that are available.

                   Type "about" for authorship and general
                       information about the program.



   Executing file "results/ebov_sierraleone_2014/ebov_sierraleone_2014_mb.mb.nex"
   UNIX line termination
   Longest line length = 75
   Parsing file
   Expecting NEXUS formatted file
   Reading mrbayes block
      Setting autoclose to yes
      Setting nowarnings to yes
      Setting seed to 42
      Setting swapseed to 42

      Executing file "datasets/ebov_sierraleone_2014/analysis.nex"...

   UNIX line termination
   Longest line length = 18974
   Parsing file
   Expecting NEXUS formatted file
   Reading data block
      Allocated taxon set
      Allocated matrix
      Defining new matrix with 110 taxa and 18959 characters
      Data is Dna
      Missing data coded as ?
      Gaps coded as -
      Taxon   1 -> KM034549
      Taxon   2 -> KM034551
      Taxon   3 -> KM034554
      Taxon   4 -> KM034562
      Taxon   5 -> KM034563
      Taxon   6 -> KM233049
      Taxon   7 -> KM233039
      Taxon   8 -> KM233116
      Taxon   9 -> KM233053
      Taxon  10 -> KM233054
      Taxon  11 -> KM233056
      Taxon  12 -> KM233047
      Taxon  13 -> KM233048
      Taxon  14 -> KM233050
      Taxon  15 -> KM233057
      Taxon  16 -> KM233058
      Taxon  17 -> KM233061
      Taxon  18 -> KM233065
      Taxon  19 -> KM233069
      Taxon  20 -> KM233060
      Taxon  21 -> KM233073
      Taxon  22 -> KM233074
      Taxon  23 -> KM233075
      Taxon  24 -> KM233067
      Taxon  25 -> KM233077
      Taxon  26 -> KM233080
      Taxon  27 -> KM233086
      Taxon  28 -> KM233092
      Taxon  29 -> KM233093
      Taxon  30 -> KM233068
      Taxon  31 -> KM233100
      Taxon  32 -> KM233105
      Taxon  33 -> KM233106
      Taxon  34 -> KM233108
      Taxon  35 -> KM233110
      Taxon  36 -> KM233112
      Taxon  37 -> KM233115
      Taxon  38 -> KM233083
      Taxon  39 -> KP759747
      Taxon  40 -> KP759640
      Taxon  41 -> KP759630
      Taxon  42 -> KP759642
      Taxon  43 -> KP759688
      Taxon  44 -> KP759608
      Taxon  45 -> KP759644
      Taxon  46 -> KP759652
      Taxon  47 -> KP759666
      Taxon  48 -> KP759670
      Taxon  49 -> KP759683
      Taxon  50 -> KP759620
      Taxon  51 -> KP759694
      Taxon  52 -> KP759629
      Taxon  53 -> KP759712
      Taxon  54 -> KP759635
      Taxon  55 -> KP759714
      Taxon  56 -> KP759719
      Taxon  57 -> KP759723
      Taxon  58 -> KP759633
      Taxon  59 -> KP759717
      Taxon  60 -> KP759634
      Taxon  61 -> KP759725
      Taxon  62 -> KP759728
      Taxon  63 -> KP759729
      Taxon  64 -> KP759731
      Taxon  65 -> KP759732
      Taxon  66 -> KP759737
      Taxon  67 -> KP759638
      Taxon  68 -> KP759730
      Taxon  69 -> KP759739
      Taxon  70 -> KP759750
      Taxon  71 -> KP759751
      Taxon  72 -> KP759753
      Taxon  73 -> KP759645
      Taxon  74 -> KP759744
      Taxon  75 -> KP759752
      Taxon  76 -> KP759648
      Taxon  77 -> KP759649
      Taxon  78 -> KP759760
      Taxon  79 -> KP759653
      Taxon  80 -> KP759657
      Taxon  81 -> KP759761
      Taxon  82 -> KP759764
      Taxon  83 -> KP759767
      Taxon  84 -> KP759597
      Taxon  85 -> KP759656
      Taxon  86 -> KP759669
      Taxon  87 -> KP759765
      Taxon  88 -> KP759766
      Taxon  89 -> KP759595
      Taxon  90 -> KP759599
      Taxon  91 -> KP759603
      Taxon  92 -> KP759664
      Taxon  93 -> KP759676
      Taxon  94 -> KP759594
      Taxon  95 -> KP759682
      Taxon  96 -> KP759684
      Taxon  97 -> KP759686
      Taxon  98 -> KP759600
      Taxon  99 -> KP759679
      Taxon 100 -> KP759690
      Taxon 101 -> KP759689
      Taxon 102 -> KP759693
      Taxon 103 -> KP759616
      Taxon 104 -> KP759695
      Taxon 105 -> KP759702
      Taxon 106 -> KP759703
      Taxon 107 -> KP759626
      Taxon 108 -> KP759627
      Taxon 109 -> KP759705
      Taxon 110 -> KP759709
      Successfully read matrix
      Setting default partition (does not divide up characters)
      Setting model defaults
      Seed (for generating default start values) = 42
      Setting output file names to "datasets/ebov_sierraleone_2014/analysis.nex.run<i>.<p|t>"
   Exiting data block
   Reached end of file

   Returning execution to calling file ...

      Setting Nst to 6
      Setting Rates to Invgamma
      Successfully set likelihood model parameters
      Setting Statefreqpr to Dirichlet(1.00,1.00,1.00,1.00)
      Setting Revmatpr to Dirichlet(1.00,1.00,1.00,1.00,1.00,1.00)
      Setting Shapepr to Exponential(1.00)
      Setting Pinvarpr to Uniform(0.00,1.00)
      Setting Brlenspr to Unconstrained:GammaDir(1.00,1000.0000,1.00,1.00)
      Successfully set prior model parameters
      Setting number of generations to 1500000
      Setting number of runs to 2
      Setting number of chains to 4
      Setting sample frequency to 150
      Setting print frequency to 75000
      Setting diagnosing frequency to 75000
      Setting chain output file names to "results/ebov_sierraleone_2014/ebov_sierraleone_2014_mb.run<i>.<p/t>"
      Successfully set chain parameters
      Running Markov chain
      MCMC stamp = 7313498599
      Seed = 728652542
      Swapseed = 42
      Model settings:

         Data not partitioned --
            Datatype  = DNA
            Nucmodel  = 4by4
            Nst       = 6
                        Substitution rates, expressed as proportions
                        of the rate sum, have a Dirichlet prior
                        (1.00,1.00,1.00,1.00,1.00,1.00)
            Covarion  = No
            # States  = 4
                        State frequencies have a Dirichlet prior
                        (1.00,1.00,1.00,1.00)
            Rates     = Invgamma
                        The distribution is approximated using 4 categories.
                        Shape parameter is exponentially
                        distributed with parameter (1.00).
                        Proportion of invariable sites is uniformly dist-
                        ributed on the interval (0.00,1.00).

      Active parameters: 

         Parameters
         ---------------------
         Revmat              1
         Statefreq           2
         Shape               3
         Pinvar              4
         Ratemultiplier      5
         Topology            6
         Brlens              7
         ---------------------

         1 --  Parameter  = Revmat
               Type       = Rates of reversible rate matrix
               Prior      = Dirichlet(1.00,1.00,1.00,1.00,1.00,1.00)

         2 --  Parameter  = Pi
               Type       = Stationary state frequencies
               Prior      = Dirichlet

         3 --  Parameter  = Alpha
               Type       = Shape of scaled gamma distribution of site rates
               Prior      = Exponential(1.00)

         4 --  Parameter  = Pinvar
               Type       = Proportion of invariable sites
               Prior      = Uniform(0.00,1.00)

         5 --  Parameter  = Ratemultiplier
               Type       = Partition-specific rate multiplier
               Prior      = Fixed(1.0)

         6 --  Parameter  = Tau
               Type       = Topology
               Prior      = All topologies equally probable a priori
               Subparam.  = V

         7 --  Parameter  = V
               Type       = Branch lengths
               Prior      = Unconstrained:GammaDir(1.0,1000.0000,1.0,1.0)



      The MCMC sampler will use the following moves:
         With prob.  Chain will use move
            0.93 %   Dirichlet(Revmat)
            0.93 %   Slider(Revmat)
            0.93 %   Dirichlet(Pi)
            0.93 %   Slider(Pi)
            1.85 %   Multiplier(Alpha)
            1.85 %   Slider(Pinvar)
            9.26 %   ExtSPR(Tau,V)
            9.26 %   ExtTBR(Tau,V)
            9.26 %   NNI(Tau,V)
            9.26 %   ParsSPR(Tau,V)
           37.04 %   Multiplier(V)
           12.96 %   Nodeslider(V)
            5.56 %   TLMultiplier(V)

      Division 1 has 288 unique site patterns
      Initializing conditional likelihoods
      Using standard FMA likelihood calculator for division 1 (single-precision)
      Initializing invariable-site conditional likelihoods

      Initial log likelihoods and log prior probs for run 1:
         Chain 1 -- -62591.196850 -- -4168.783009
         Chain 2 -- -62623.157129 -- -4168.783009
         Chain 3 -- -62633.957067 -- -4168.783009
         Chain 4 -- -62600.625566 -- -4168.783009

      Initial log likelihoods and log prior probs for run 2:
         Chain 1 -- -62599.957272 -- -4168.783009
         Chain 2 -- -62588.591852 -- -4168.783009
         Chain 3 -- -62620.936192 -- -4168.783009
         Chain 4 -- -62600.734094 -- -4168.783009


      Using a relative burnin of 25.0 % for diagnostics

      Chain results (1500000 generations requested):

          0 -- [-62591.197] (-62623.157) (-62633.957) (-62600.626) * [-62599.957] (-62588.592) (-62620.936) (-62600.734) 
      75000 -- (-28380.987) (-28420.199) [-28399.513] (-28416.155) * (-28413.798) (-28451.000) [-28370.140] (-28400.016) -- 0:36:25

      Average standard deviation of split frequencies: 0.024448

      150000 -- [-28389.009] (-28412.532) (-28418.030) (-28420.742) * (-28404.258) (-28406.303) [-28371.931] (-28407.093) -- 0:33:18

      Average standard deviation of split frequencies: 0.017884

      225000 -- [-28372.375] (-28385.554) (-28409.340) (-28410.408) * (-28410.175) (-28445.457) [-28382.339] (-28425.577) -- 0:31:04

      Average standard deviation of split frequencies: 0.012991

      300000 -- [-28380.792] (-28397.184) (-28416.756) (-28398.990) * (-28385.080) (-28420.524) [-28396.818] (-28415.141) -- 0:29:04

      Average standard deviation of split frequencies: 0.010122

      375000 -- (-28420.615) (-28378.928) (-28399.922) [-28389.843] * (-28408.275) [-28396.030] (-28428.311) (-28408.199) -- 0:27:57

      Average standard deviation of split frequencies: 0.010214

      450000 -- [-28393.385] (-28404.491) (-28398.579) (-28445.244) * (-28401.706) [-28387.914] (-28415.253) (-28395.930) -- 0:25:58

      Average standard deviation of split frequencies: 0.009402

      525000 -- (-28397.167) (-28418.036) (-28401.867) [-28393.354] * [-28395.359] (-28392.680) (-28430.159) (-28395.338) -- 0:23:59

      Average standard deviation of split frequencies: 0.008554

      600000 -- (-28394.217) (-28417.399) [-28388.201] (-28405.353) * [-28392.989] (-28382.748) (-28405.276) (-28430.198) -- 0:22:00

      Average standard deviation of split frequencies: 0.007382

      675000 -- (-28396.584) [-28381.544] (-28428.736) (-28387.183) * (-28419.499) (-28384.078) [-28401.961] (-28409.209) -- 0:20:03

      Average standard deviation of split frequencies: 0.007366

      750000 -- [-28378.428] (-28397.368) (-28407.359) (-28408.956) * [-28396.060] (-28399.504) (-28408.806) (-28404.487) -- 0:18:11

      Average standard deviation of split frequencies: 0.007433

      825000 -- [-28388.561] (-28412.863) (-28411.935) (-28428.184) * (-28417.003) [-28374.506] (-28394.973) (-28406.959) -- 0:16:19

      Average standard deviation of split frequencies: 0.007323

      900000 -- [-28382.793] (-28417.315) (-28427.472) (-28408.556) * (-28397.323) (-28410.811) (-28418.948) [-28383.143] -- 0:14:28

      Average standard deviation of split frequencies: 0.006880

      975000 -- (-28422.756) (-28413.193) (-28390.073) [-28381.296] * (-28380.016) (-28422.806) (-28388.263) [-28376.137] -- 0:12:39

      Average standard deviation of split frequencies: 0.006737

      1050000 -- (-28415.674) [-28403.745] (-28408.377) (-28394.924) * [-28400.874] (-28395.833) (-28408.188) (-28409.976) -- 0:10:49

      Average standard deviation of split frequencies: 0.006712

      1125000 -- [-28394.820] (-28418.225) (-28418.642) (-28410.717) * (-28404.028) (-28425.427) (-28400.262) [-28383.191] -- 0:09:00

      Average standard deviation of split frequencies: 0.006261

      1200000 -- (-28411.199) [-28387.055] (-28408.357) (-28418.133) * (-28425.171) (-28411.061) [-28395.240] (-28408.581) -- 0:07:12

      Average standard deviation of split frequencies: 0.006248

      1275000 -- [-28396.527] (-28423.446) (-28428.190) (-28390.512) * (-28422.906) (-28401.781) [-28393.382] (-28401.774) -- 0:05:23

      Average standard deviation of split frequencies: 0.006016

      1350000 -- (-28415.421) [-28381.096] (-28433.761) (-28397.271) * [-28390.874] (-28437.504) (-28384.706) (-28381.568) -- 0:03:35

      Average standard deviation of split frequencies: 0.005853

      1425000 -- (-28400.571) (-28409.190) [-28389.055] (-28421.471) * (-28405.585) (-28435.121) [-28378.164] (-28413.235) -- 0:01:47

      Average standard deviation of split frequencies: 0.005604
      1500000 -- (-28399.287) (-28398.852) [-28377.347] (-28432.737) * [-28376.388] (-28393.682) (-28398.702) (-28385.291) -- 0:00:00

      Average standard deviation of split frequencies: 0.005707

      Analysis completed in 35 mins 52 seconds
      Analysis used 2151.68 seconds of CPU time
      Likelihood of best state for "cold" chain of run 1 was -28361.99
      Likelihood of best state for "cold" chain of run 2 was -28361.99

      Acceptance rates for the moves in the "cold" chain of run 1:
         With prob.   (last 100)   chain accepted proposals by move
            34.7 %     ( 22 %)     Dirichlet(Revmat)
            52.8 %     ( 37 %)     Slider(Revmat)
             2.8 %     (  6 %)     Dirichlet(Pi)
            16.5 %     ( 21 %)     Slider(Pi)
            61.5 %     ( 32 %)     Multiplier(Alpha)
            74.7 %     ( 51 %)     Slider(Pinvar)
            50.5 %     ( 50 %)     ExtSPR(Tau,V)
            44.5 %     ( 42 %)     ExtTBR(Tau,V)
            61.5 %     ( 57 %)     NNI(Tau,V)
            20.5 %     ( 28 %)     ParsSPR(Tau,V)
            26.8 %     ( 22 %)     Multiplier(V)
            69.4 %     ( 70 %)     Nodeslider(V)
            25.3 %     ( 32 %)     TLMultiplier(V)

      Acceptance rates for the moves in the "cold" chain of run 2:
         With prob.   (last 100)   chain accepted proposals by move
            34.3 %     ( 30 %)     Dirichlet(Revmat)
            52.4 %     ( 40 %)     Slider(Revmat)
             2.7 %     (  7 %)     Dirichlet(Pi)
            16.6 %     ( 29 %)     Slider(Pi)
            61.8 %     ( 22 %)     Multiplier(Alpha)
            74.0 %     ( 53 %)     Slider(Pinvar)
            50.8 %     ( 43 %)     ExtSPR(Tau,V)
            44.7 %     ( 49 %)     ExtTBR(Tau,V)
            62.0 %     ( 48 %)     NNI(Tau,V)
            20.5 %     ( 18 %)     ParsSPR(Tau,V)
            26.7 %     ( 25 %)     Multiplier(V)
            69.4 %     ( 61 %)     Nodeslider(V)
            25.2 %     ( 26 %)     TLMultiplier(V)

      Chain swap information for run 1:

                   1       2       3       4 
           ----------------------------------
         1 |            0.24    0.02    0.00 
         2 |  250361            0.28    0.04 
         3 |  249603  249506            0.32 
         4 |  249412  250131  250987         

      Chain swap information for run 2:

                   1       2       3       4 
           ----------------------------------
         1 |            0.24    0.03    0.00 
         2 |  248775            0.28    0.04 
         3 |  250023  251096            0.31 
         4 |  250552  249641  249913         

      Upper diagonal: Proportion of successful state exchanges between chains
      Lower diagonal: Number of attempted state exchanges between chains

      Chain information:

        ID -- Heat 
       -----------
         1 -- 1.00  (cold chain)
         2 -- 0.91 
         3 -- 0.83 
         4 -- 0.77 

      Heat = 1 / (1 + T * (ID - 1))
         (where T = 0.10 is the temperature and ID is the chain number)

      Using relative burnin (a fraction of samples discarded).
      Setting burnin fraction to 0.25
      Setting sumt conformat to Simple
      Setting sumt contype to Allcompat
      Summarizing trees in files "results/ebov_sierraleone_2014/ebov_sierraleone_2014_mb.run1.t" and "results/ebov_sierraleone_2014/ebov_sierraleone_2014_mb.run2.t"
      Using relative burnin ('relburnin=yes'), discarding the first 25 % of sampled trees
      Writing statistics to files results/ebov_sierraleone_2014/ebov_sierraleone_2014_mb.<parts|tstat|vstat|trprobs|con>
      Examining first file ...
      Found one tree block in file "results/ebov_sierraleone_2014/ebov_sierraleone_2014_mb.run1.t" with 10001 trees in last block
      Expecting the same number of trees in the last tree block of all files

      Tree reading status:

      0      10      20      30      40      50      60      70      80      90     100
      v-------v-------v-------v-------v-------v-------v-------v-------v-------v-------v
      *********************************************************************************

      Read a total of 20002 trees in 2 files (sampling 15002 of them)
         (Each file contained 10001 trees of which 7501 were sampled)
                                                                                   
      General explanation:                                                          
                                                                                   
      In an unrooted tree, a taxon bipartition (split) is specified by removing a   
      branch, thereby dividing the species into those to the left and those to the  
      right of the branch. Here, taxa to one side of the removed branch are denoted 
      '.' and those to the other side are denoted '*'. Specifically, the '.' symbol 
      is used for the taxa on the same side as the outgroup.                        
                                                                                   
      In a rooted or clock tree, the tree is rooted using the model and not by      
      reference to an outgroup. Each bipartition therefore corresponds to a clade,  
      that is, a group that includes all the descendants of a particular branch in  
      the tree.  Taxa that are included in each clade are denoted using '*', and    
      taxa that are not included are denoted using the '.' symbol.                  
                                                                                   
      The output first includes a key to all the bipartitions with frequency larger 
      or equual to (Minpartfreq) in at least one run. Minpartfreq is a parameter to 
      sumt command and currently it is set to 0.10.  This is followed by a table  
      with statistics for the informative bipartitions (those including at least    
      two taxa), sorted from highest to lowest probability. For each bipartition,   
      the table gives the number of times the partition or split was observed in all
      runs (#obs) and the posterior probability of the bipartition (Probab.), which 
      is the same as the split frequency. If several runs are summarized, this is   
      followed by the minimum split frequency (Min(s)), the maximum frequency       
      (Max(s)), and the standard deviation of frequencies (Stddev(s)) across runs.  
      The latter value should approach 0 for all bipartitions as MCMC runs converge.
                                                                                   
      This is followed by a table summarizing branch lengths, node heights (if a    
      clock model was used) and relaxed clock parameters (if a relaxed clock model  
      was used). The mean, variance, and 95 % credible interval are given for each 
      of these parameters. If several runs are summarized, the potential scale      
      reduction factor (PSRF) is also given; it should approach 1 as runs converge. 
      Node heights will take calibration points into account, if such points were   
      used in the analysis.                                                         
                                                                                    
      Note that Stddev may be unreliable if the partition is not present in all     
      runs (the last column indicates the number of runs that sampled the partition 
      if more than one run is summarized). The PSRF is not calculated at all if     
      the partition is not present in all runs.The PSRF is also sensitive to small  
      sample sizes and it should only be considered a rough guide to convergence    
      since some of the assumptions allowing one to interpret it as a true potential
      scale reduction factor are violated in MrBayes.                               
                                                                                    
      List of taxa in bipartitions:                                                 
                                                                                   
         1 -- KM034549
         2 -- KM034551
         3 -- KM034554
         4 -- KM034562
         5 -- KM034563
         6 -- KM233049
         7 -- KM233039
         8 -- KM233116
         9 -- KM233053
        10 -- KM233054
        11 -- KM233056
        12 -- KM233047
        13 -- KM233048
        14 -- KM233050
        15 -- KM233057
        16 -- KM233058
        17 -- KM233061
        18 -- KM233065
        19 -- KM233069
        20 -- KM233060
        21 -- KM233073
        22 -- KM233074
        23 -- KM233075
        24 -- KM233067
        25 -- KM233077
        26 -- KM233080
        27 -- KM233086
        28 -- KM233092
        29 -- KM233093
        30 -- KM233068
        31 -- KM233100
        32 -- KM233105
        33 -- KM233106
        34 -- KM233108
        35 -- KM233110
        36 -- KM233112
        37 -- KM233115
        38 -- KM233083
        39 -- KP759747
        40 -- KP759640
        41 -- KP759630
        42 -- KP759642
        43 -- KP759688
        44 -- KP759608
        45 -- KP759644
        46 -- KP759652
        47 -- KP759666
        48 -- KP759670
        49 -- KP759683
        50 -- KP759620
        51 -- KP759694
        52 -- KP759629
        53 -- KP759712
        54 -- KP759635
        55 -- KP759714
        56 -- KP759719
        57 -- KP759723
        58 -- KP759633
        59 -- KP759717
        60 -- KP759634
        61 -- KP759725
        62 -- KP759728
        63 -- KP759729
        64 -- KP759731
        65 -- KP759732
        66 -- KP759737
        67 -- KP759638
        68 -- KP759730
        69 -- KP759739
        70 -- KP759750
        71 -- KP759751
        72 -- KP759753
        73 -- KP759645
        74 -- KP759744
        75 -- KP759752
        76 -- KP759648
        77 -- KP759649
        78 -- KP759760
        79 -- KP759653
        80 -- KP759657
        81 -- KP759761
        82 -- KP759764
        83 -- KP759767
        84 -- KP759597
        85 -- KP759656
        86 -- KP759669
        87 -- KP759765
        88 -- KP759766
        89 -- KP759595
        90 -- KP759599
        91 -- KP759603
        92 -- KP759664
        93 -- KP759676
        94 -- KP759594
        95 -- KP759682
        96 -- KP759684
        97 -- KP759686
        98 -- KP759600
        99 -- KP759679
       100 -- KP759690
       101 -- KP759689
       102 -- KP759693
       103 -- KP759616
       104 -- KP759695
       105 -- KP759702
       106 -- KP759703
       107 -- KP759626
       108 -- KP759627
       109 -- KP759705
       110 -- KP759709

      Key to taxon bipartitions (saved to file "results/ebov_sierraleone_2014/ebov_sierraleone_2014_mb.parts"):

       ID -- Partition
      --------------------------------------------------------------------------------
        1 -- .**********************************************************************
        2 -- .*.....................................................................
        3 -- ..*....................................................................
        4 -- ...*...................................................................
        5 -- ....*..................................................................
        6 -- .....*.................................................................
        7 -- ......*................................................................
        8 -- .......*...............................................................
        9 -- ........*..............................................................
       10 -- .........*.............................................................
       11 -- ..........*............................................................
       12 -- ...........*...........................................................
       13 -- ............*..........................................................
       14 -- .............*.........................................................
       15 -- ..............*........................................................
       16 -- ...............*.......................................................
       17 -- ................*......................................................
       18 -- .................*.....................................................
       19 -- ..................*....................................................
       20 -- ...................*...................................................
       21 -- ....................*..................................................
       22 -- .....................*.................................................
       23 -- ......................*................................................
       24 -- .......................*...............................................
       25 -- ........................*..............................................
       26 -- .........................*.............................................
       27 -- ..........................*............................................
       28 -- ...........................*...........................................
       29 -- ............................*..........................................
       30 -- .............................*.........................................
       31 -- ..............................*........................................
       32 -- ...............................*.......................................
       33 -- ................................*......................................
       34 -- .................................*.....................................
       35 -- ..................................*....................................
       36 -- ...................................*...................................
       37 -- ....................................*..................................
       38 -- .....................................*.................................
       39 -- ......................................*................................
       40 -- .......................................*...............................
       41 -- ........................................*..............................
       42 -- .........................................*.............................
       43 -- ..........................................*............................
       44 -- ...........................................*...........................
       45 -- ............................................*..........................
       46 -- .............................................*.........................
       47 -- ..............................................*........................
       48 -- ...............................................*.......................
       49 -- ................................................*......................
       50 -- .................................................*.....................
       51 -- ..................................................*....................
       52 -- ...................................................*...................
       53 -- ....................................................*..................
       54 -- .....................................................*.................
       55 -- ......................................................*................
       56 -- .......................................................*...............
       57 -- ........................................................*..............
       58 -- .........................................................*.............
       59 -- ..........................................................*............
       60 -- ...........................................................*...........
       61 -- ............................................................*..........
       62 -- .............................................................*.........
       63 -- ..............................................................*........
       64 -- ...............................................................*.......
       65 -- ................................................................*......
       66 -- .................................................................*.....
       67 -- ..................................................................*....
       68 -- ...................................................................*...
       69 -- ....................................................................*..
       70 -- .....................................................................*.
       71 -- ......................................................................*
       72 -- .......................................................................
       73 -- .......................................................................
       74 -- .......................................................................
       75 -- .......................................................................
       76 -- .......................................................................
       77 -- .......................................................................
       78 -- .......................................................................
       79 -- .......................................................................
       80 -- .......................................................................
       81 -- .......................................................................
       82 -- .......................................................................
       83 -- .......................................................................
       84 -- .......................................................................
       85 -- .......................................................................
       86 -- .......................................................................
       87 -- .......................................................................
       88 -- .......................................................................
       89 -- .......................................................................
       90 -- .......................................................................
       91 -- .......................................................................
       92 -- .......................................................................
       93 -- .......................................................................
       94 -- .......................................................................
       95 -- .......................................................................
       96 -- .......................................................................
       97 -- .......................................................................
       98 -- .......................................................................
       99 -- .......................................................................
      100 -- .......................................................................
      101 -- .......................................................................
      102 -- .......................................................................
      103 -- .......................................................................
      104 -- .......................................................................
      105 -- .......................................................................
      106 -- .......................................................................
      107 -- .......................................................................
      108 -- .......................................................................
      109 -- .......................................................................
      110 -- .......................................................................
      111 -- ..............................................*......*.....*..........*
      112 -- ........................................*......*...*..*......*..*....*.
      113 -- .......................................*...............................
      114 -- ...............................................*.......................
      115 -- ..................................................*..............*.....
      116 -- .......................................................................
      117 -- .*...******************************************************************
      118 -- .......................................*........**.....*...........*...
      119 -- .............................................................*..*......
      120 -- ....................................................................*..
      121 -- .......................................................................
      122 -- ...........................................*.**...*..*..*..*...*.**...*
      123 -- ....................................................................*..
      124 -- ....................................................*..................
      125 -- .................*.....*.....*.........................................
      126 -- ......................................................*......*..*......
      127 -- ..................................................*..............*.....
      128 -- ............................................................*.*........
      129 -- .......................................................................
      130 -- .........................................................*.............
      131 -- .........................................*................*............
      132 -- .......................................................................
      133 -- ..............................................*.......................*
      134 -- ..............................................*......*.....*..........*
      135 -- .......................................................................
      136 -- ......................................................................*
      137 -- .......................................................................
      138 -- .......................................................................
      139 -- .......................................................................
      140 -- ..............................................*......*................*
      141 -- ....................................................................*..
      142 -- .......................................................................
      143 -- ........................................*......*...**.*.....***.*....*.
      144 -- ............*...*.................***.*.********..*****.*.*********.***
      145 -- .........................................*................*............
      146 -- ........................................*......*...*..*......*..*......
      147 -- ...........................................*...................*.......
      148 -- .....****.*******.**......***.*.***************************************
      149 -- .............................................**......*.....*..........*
      150 -- .........................................**...............*............
      151 -- .........................................**.*.............*............
      152 -- .................*.....*...............................................
      153 -- ..................................................*..............*.....
      154 -- ....................................................*..................
      155 -- .......................................................................
      156 -- ....................................................*..................
      157 -- .................................................................*.....
      158 -- ......................................................................*
      159 -- ..................................................*....................
      160 -- ..........................................................*............
      161 -- .........................................*................*............
      162 -- .......................................................................
      163 -- ......................................................................*
      164 -- .........................................*.............................
      165 -- .................*...........*.........................................
      166 -- ..................................................*..............*.....
      167 -- .......................................................................
      168 -- .......................................................................
      169 -- ..................................................*..............*.....
      170 -- .......................................................................
      171 -- .......................*.....*.........................................
      172 -- .......................................................................
      173 -- .......................................................................
      174 -- ........................................*......*...**.*......*..*....*.
      175 -- ........................................*......*...**.*.....***.*....*.
      176 -- .*.********************************************************************
      177 -- .......................................................................
      178 -- ............................................*..........................
      179 -- .......................................................................
      180 -- .*.*.******************************************************************
      181 -- .***.******************************************************************
      182 -- ............................................................*.*........
      183 -- .......................................................................
      184 -- .......................................................................
      185 -- .........................................**.*.............*............
      186 -- ........................................*......*.......................
      187 -- .......................................................................
      188 -- ...**..................................................................
      189 -- .*..*******************************************************************
      190 -- ...............................................*......*......*..*......
      191 -- ....................................................*.......*.*........
      192 -- ............................................*..........................
      193 -- ...................................................*..*......*..*......
      194 -- ........................................*......*......*......*..*......
      195 -- .**..******************************************************************
      196 -- ...............................................*...*...................
      197 -- ........................................*..........*..*......*..*......
      198 -- ........................................*.............*......*..*......
      199 -- ........................................*......*...*..*......*..*....*.
      200 -- ........................................*......*...*...................
      201 -- ..**...................................................................
      202 -- .........................................**...............*............
      203 -- ...............................................*...*..*......*..*......
      204 -- ..*.*..................................................................
      205 -- .........................................**.*.............*............
      206 -- ............................................*..........................
      207 -- ........................................*......*...**.*......*..*....*.
      208 -- ........................................*......*...*..*.....***.*....*.
      209 -- ........................................*......*...*..*.....***.*....*.
      210 -- .......................................................................
      211 -- .......................................................................
      212 -- .......................................................................
      213 -- .**.*******************************************************************
      214 -- ........................................*..........*...................
      215 -- .........................................**.*.............*............
      216 -- .........................................**...............*............
      217 -- ....................................................*.......*.*........
      218 -- .........................................**...............*............
      219 -- ..***..................................................................
      220 -- .......................................................................
      221 -- ....................................................*..................
      222 -- .......................................................................
      223 -- ....................................................................*..
      224 -- .......................................................................
      225 -- ....................................................................*..
      226 -- .......................................................................
      227 -- .......................................................................
      228 -- .......................................................................
      229 -- ....................................................................*..
      230 -- ....................................................................*..
      231 -- .......................................................................
      232 -- ....................................................................*..
      233 -- ....................................................................*..
      234 -- .......................................................................
      235 -- ....................................................................*..
      236 -- ....................................................................*..
      237 -- .......................................................................
      238 -- .......................................*........**.....*...........*...
      239 -- .......................................................*...............
      240 -- .......................................................................
      241 -- .......................................*........*......................
      242 -- ...................................................................*...
      --------------------------------------------------------------------------------

       ID -- Partition (continued)
      --------------------------------------------------------------------------------
        1 -- ***************************************
        2 -- .......................................
        3 -- .......................................
        4 -- .......................................
        5 -- .......................................
        6 -- .......................................
        7 -- .......................................
        8 -- .......................................
        9 -- .......................................
       10 -- .......................................
       11 -- .......................................
       12 -- .......................................
       13 -- .......................................
       14 -- .......................................
       15 -- .......................................
       16 -- .......................................
       17 -- .......................................
       18 -- .......................................
       19 -- .......................................
       20 -- .......................................
       21 -- .......................................
       22 -- .......................................
       23 -- .......................................
       24 -- .......................................
       25 -- .......................................
       26 -- .......................................
       27 -- .......................................
       28 -- .......................................
       29 -- .......................................
       30 -- .......................................
       31 -- .......................................
       32 -- .......................................
       33 -- .......................................
       34 -- .......................................
       35 -- .......................................
       36 -- .......................................
       37 -- .......................................
       38 -- .......................................
       39 -- .......................................
       40 -- .......................................
       41 -- .......................................
       42 -- .......................................
       43 -- .......................................
       44 -- .......................................
       45 -- .......................................
       46 -- .......................................
       47 -- .......................................
       48 -- .......................................
       49 -- .......................................
       50 -- .......................................
       51 -- .......................................
       52 -- .......................................
       53 -- .......................................
       54 -- .......................................
       55 -- .......................................
       56 -- .......................................
       57 -- .......................................
       58 -- .......................................
       59 -- .......................................
       60 -- .......................................
       61 -- .......................................
       62 -- .......................................
       63 -- .......................................
       64 -- .......................................
       65 -- .......................................
       66 -- .......................................
       67 -- .......................................
       68 -- .......................................
       69 -- .......................................
       70 -- .......................................
       71 -- .......................................
       72 -- *......................................
       73 -- .*.....................................
       74 -- ..*....................................
       75 -- ...*...................................
       76 -- ....*..................................
       77 -- .....*.................................
       78 -- ......*................................
       79 -- .......*...............................
       80 -- ........*..............................
       81 -- .........*.............................
       82 -- ..........*............................
       83 -- ...........*...........................
       84 -- ............*..........................
       85 -- .............*.........................
       86 -- ..............*........................
       87 -- ...............*.......................
       88 -- ................*......................
       89 -- .................*.....................
       90 -- ..................*....................
       91 -- ...................*...................
       92 -- ....................*..................
       93 -- .....................*.................
       94 -- ......................*................
       95 -- .......................*...............
       96 -- ........................*..............
       97 -- .........................*.............
       98 -- ..........................*............
       99 -- ...........................*...........
      100 -- ............................*..........
      101 -- .............................*.........
      102 -- ..............................*........
      103 -- ...............................*.......
      104 -- ................................*......
      105 -- .................................*.....
      106 -- ..................................*....
      107 -- ...................................*...
      108 -- ....................................*..
      109 -- .....................................*.
      110 -- ......................................*
      111 -- .........................*....*........
      112 -- ...........*........*..................
      113 -- ................................*......
      114 -- ...........*........*..................
      115 -- *..*...*.........**....................
      116 -- ........*......**......................
      117 -- ***************************************
      118 -- ..............*........*........*...*..
      119 -- .......................................
      120 -- .*..*...*....*.**............*....*..*.
      121 -- *..*...................................
      122 -- *.**...*.........**..**..*.*..*.......*
      123 -- .............................*.......*.
      124 -- ......*.................*..............
      125 -- .......................................
      126 -- .......................................
      127 -- *..*...................................
      128 -- .......................................
      129 -- ..............*.....................*..
      130 -- ..........*............................
      131 -- .................................*.....
      132 -- .................**....................
      133 -- .........................*....*........
      134 -- ..*..................*...*....*........
      135 -- ..*..................*.................
      136 -- .........................*....*........
      137 -- .....*...*................*....*...*...
      138 -- ...........*........*..................
      139 -- ...............................*...*...
      140 -- .........................*....*........
      141 -- .............................*.........
      142 -- .*...........*.........................
      143 -- .....**..*.*........*...*.*....*...*...
      144 -- **********.***.********.********.***.**
      145 -- ...................*.............*.....
      146 -- ...........*........*..................
      147 -- .......................................
      148 -- ***************************************
      149 -- ..*..................*...*....*........
      150 -- ...................*.............*.....
      151 -- ............*......*........*....*.....
      152 -- .......................................
      153 -- *..*.............**....................
      154 -- ......*................................
      155 -- ........*......*.......................
      156 -- ........................*..............
      157 -- *..*...................................
      158 -- .........................*.............
      159 -- *..*...................................
      160 -- .................................*.....
      161 -- .......................................
      162 -- ...............**......................
      163 -- ..............................*........
      164 -- .................................*.....
      165 -- .......................................
      166 -- *..*...*...............................
      167 -- .......*.........**....................
      168 -- .........................*....*........
      169 -- .......................................
      170 -- ........*.......*......................
      171 -- .......................................
      172 -- ......*.................*..............
      173 -- .....*.........................*...*...
      174 -- ......*....*........*...*..............
      175 -- ......*....*........*...*..............
      176 -- ***************************************
      177 -- .....*...*.....................*...*...
      178 -- ............*..........................
      179 -- .........*................*............
      180 -- ***************************************
      181 -- ***************************************
      182 -- .....*...*................*....*...*...
      183 -- .....*...*.............................
      184 -- ..........................*....*...*...
      185 -- ............*......*.............*.....
      186 -- ...........*........*..................
      187 -- ............*...............*..........
      188 -- .......................................
      189 -- ***************************************
      190 -- ...........*........*..................
      191 -- .....**..*..............*.*....*...*...
      192 -- ............*...............*..........
      193 -- .......................................
      194 -- ...........*........*..................
      195 -- ***************************************
      196 -- ...........*........*..................
      197 -- .......................................
      198 -- .......................................
      199 -- .....*...*.*........*.....*....*...*...
      200 -- ...........*........*..................
      201 -- .......................................
      202 -- ............*......*.............*.....
      203 -- ...........*........*..................
      204 -- .......................................
      205 -- ...................*.............*.....
      206 -- ............................*..........
      207 -- .....**..*.*........*...*.*....*...*...
      208 -- .....*...*.*........*.....*....*...*...
      209 -- ...........*........*..................
      210 -- .....*....................*....*...*...
      211 -- .....*...*................*............
      212 -- .........*................*....*...*...
      213 -- ***************************************
      214 -- .......................................
      215 -- ...................*........*....*.....
      216 -- ...................*........*....*.....
      217 -- ......*.................*..............
      218 -- ............*......*........*....*.....
      219 -- .......................................
      220 -- .........*.....................*...*...
      221 -- .....**..*..............*.*....*...*...
      222 -- .....*....................*............
      223 -- ....*...*......**............*....*..*.
      224 -- ....*...*......**......................
      225 -- .*..*...*....*.**............*.......*.
      226 -- ....*.............................*....
      227 -- .*..*...*....*.**.................*....
      228 -- .*......*....*.**......................
      229 -- ....*........................*.......*.
      230 -- .............................*....*..*.
      231 -- .*..*........*.........................
      232 -- .*...........*...............*.......*.
      233 -- ........*......**............*.......*.
      234 -- ........*......**.................*....
      235 -- .*..*........*...............*....*..*.
      236 -- .*......*....*.**............*....*..*.
      237 -- .*...........*....................*....
      238 -- .......................*........*......
      239 -- .......................*...............
      240 -- ..............*........*............*..
      241 -- ................................*......
      242 -- .......................*...............
      --------------------------------------------------------------------------------

      Summary statistics for informative taxon bipartitions
         (saved to file "results/ebov_sierraleone_2014/ebov_sierraleone_2014_mb.tstat"):

       ID   #obs     Probab.     Sd(s)+      Min(s)      Max(s)   Nruns 
      ------------------------------------------------------------------
      111  15002    1.000000    0.000000    1.000000    1.000000    2
      112  15002    1.000000    0.000000    1.000000    1.000000    2
      113  15002    1.000000    0.000000    1.000000    1.000000    2
      114  15002    1.000000    0.000000    1.000000    1.000000    2
      115  15002    1.000000    0.000000    1.000000    1.000000    2
      116  15002    1.000000    0.000000    1.000000    1.000000    2
      117  15002    1.000000    0.000000    1.000000    1.000000    2
      118  15002    1.000000    0.000000    1.000000    1.000000    2
      119  15002    1.000000    0.000000    1.000000    1.000000    2
      120  15002    1.000000    0.000000    1.000000    1.000000    2
      121  15002    1.000000    0.000000    1.000000    1.000000    2
      122  15002    1.000000    0.000000    1.000000    1.000000    2
      123  15002    1.000000    0.000000    1.000000    1.000000    2
      124  15002    1.000000    0.000000    1.000000    1.000000    2
      125  15002    1.000000    0.000000    1.000000    1.000000    2
      126  15002    1.000000    0.000000    1.000000    1.000000    2
      127  15002    1.000000    0.000000    1.000000    1.000000    2
      128  15002    1.000000    0.000000    1.000000    1.000000    2
      129  15002    1.000000    0.000000    1.000000    1.000000    2
      130  15001    0.999933    0.000094    0.999867    1.000000    2
      131  15000    0.999867    0.000189    0.999733    1.000000    2
      132  14996    0.999600    0.000189    0.999467    0.999733    2
      133  14994    0.999467    0.000377    0.999200    0.999733    2
      134  14992    0.999333    0.000754    0.998800    0.999867    2
      135  14988    0.999067    0.000377    0.998800    0.999333    2
      136  14975    0.998200    0.001791    0.996934    0.999467    2
      137  14970    0.997867    0.001697    0.996667    0.999067    2
      138  14952    0.996667    0.000189    0.996534    0.996800    2
      139  14933    0.995401    0.003865    0.992668    0.998134    2
      140  14899    0.993134    0.000848    0.992534    0.993734    2
      141  14892    0.992668    0.003205    0.990401    0.994934    2
      142  14875    0.991534    0.000094    0.991468    0.991601    2
      143  14874    0.991468    0.002640    0.989601    0.993334    2
      144  14844    0.989468    0.005279    0.985735    0.993201    2
      145  14842    0.989335    0.004336    0.986268    0.992401    2
      146  14838    0.989068    0.003017    0.986935    0.991201    2
      147  14819    0.987802    0.002922    0.985735    0.989868    2
      148  14800    0.986535    0.002828    0.984535    0.988535    2
      149  14783    0.985402    0.004431    0.982269    0.988535    2
      150  14749    0.983136    0.007070    0.978136    0.988135    2
      151  14681    0.978603    0.002545    0.976803    0.980403    2
      152   5116    0.341021    0.008296    0.335155    0.346887    2
      153   5112    0.340755    0.005279    0.337022    0.344487    2
      154   5083    0.338821    0.007259    0.333689    0.343954    2
      155   5083    0.338821    0.005373    0.335022    0.342621    2
      156   5076    0.338355    0.011312    0.330356    0.346354    2
      157   5064    0.337555    0.001508    0.336488    0.338622    2
      158   5058    0.337155    0.001885    0.335822    0.338488    2
      159   5017    0.334422    0.010275    0.327156    0.341688    2
      160   5014    0.334222    0.000377    0.333955    0.334489    2
      161   5004    0.333556    0.020362    0.319157    0.347954    2
      162   5000    0.333289    0.004336    0.330223    0.336355    2
      163   4994    0.332889    0.013386    0.323424    0.342354    2
      164   4982    0.332089    0.020173    0.317824    0.346354    2
      165   4974    0.331556    0.013763    0.321824    0.341288    2
      166   4952    0.330089    0.003205    0.327823    0.332356    2
      167   4937    0.329089    0.008390    0.323157    0.335022    2
      168   4936    0.329023    0.016591    0.317291    0.340755    2
      169   4921    0.328023    0.008767    0.321824    0.334222    2
      170   4919    0.327890    0.009710    0.321024    0.334755    2
      171   4912    0.327423    0.005468    0.323557    0.331289    2
      172   4843    0.322824    0.004054    0.319957    0.325690    2
      173   3245    0.216304    0.017440    0.203973    0.228636    2
      174   3199    0.213238    0.015931    0.201973    0.224503    2
      175   3179    0.211905    0.003865    0.209172    0.214638    2
      176   3147    0.209772    0.001225    0.208905    0.210639    2
      177   3126    0.208372    0.008484    0.202373    0.214371    2
      178   3101    0.206706    0.000471    0.206372    0.207039    2
      179   3084    0.205573    0.014894    0.195041    0.216105    2
      180   3080    0.205306    0.004525    0.202106    0.208506    2
      181   3067    0.204439    0.005562    0.200507    0.208372    2
      182   3067    0.204439    0.004996    0.200907    0.207972    2
      183   3067    0.204439    0.026678    0.185575    0.223304    2
      184   3053    0.203506    0.015743    0.192374    0.214638    2
      185   3048    0.203173    0.000000    0.203173    0.203173    2
      186   3037    0.202440    0.011406    0.194374    0.210505    2
      187   3024    0.201573    0.007164    0.196507    0.206639    2
      188   3022    0.201440    0.003771    0.198773    0.204106    2
      189   3021    0.201373    0.001791    0.200107    0.202640    2
      190   3019    0.201240    0.011218    0.193308    0.209172    2
      191   3017    0.201107    0.006127    0.196774    0.205439    2
      192   3011    0.200707    0.004054    0.197840    0.203573    2
      193   3005    0.200307    0.016874    0.188375    0.212238    2
      194   3003    0.200173    0.002734    0.198240    0.202106    2
      195   3001    0.200040    0.018948    0.186642    0.213438    2
      196   2997    0.199773    0.004242    0.196774    0.202773    2
      197   2997    0.199773    0.004054    0.196907    0.202640    2
      198   2989    0.199240    0.013103    0.189975    0.208506    2
      199   2988    0.199173    0.007164    0.194107    0.204239    2
      200   2957    0.197107    0.000471    0.196774    0.197440    2
      201   2954    0.196907    0.012632    0.187975    0.205839    2
      202   2954    0.196907    0.019796    0.182909    0.210905    2
      203   2947    0.196440    0.003299    0.194107    0.198773    2
      204   2944    0.196241    0.003017    0.194107    0.198374    2
      205   2942    0.196107    0.010935    0.188375    0.203839    2
      206   2931    0.195374    0.011218    0.187442    0.203306    2
      207   2930    0.195307    0.010935    0.187575    0.203040    2
      208   2926    0.195041    0.002640    0.193174    0.196907    2
      209   2923    0.194841    0.013480    0.185309    0.204373    2
      210   2922    0.194774    0.009615    0.187975    0.201573    2
      211   2921    0.194707    0.002168    0.193174    0.196241    2
      212   2917    0.194441    0.000660    0.193974    0.194907    2
      213   2909    0.193907    0.009710    0.187042    0.200773    2
      214   2907    0.193774    0.005562    0.189841    0.197707    2
      215   2904    0.193574    0.003771    0.190908    0.196241    2
      216   2900    0.193308    0.014706    0.182909    0.203706    2
      217   2891    0.192708    0.002357    0.191041    0.194374    2
      218   2885    0.192308    0.004431    0.189175    0.195441    2
      219   2859    0.190575    0.018759    0.177310    0.203839    2
      220   2854    0.190241    0.001320    0.189308    0.191175    2
      221   2848    0.189841    0.000189    0.189708    0.189975    2
      222   2745    0.182976    0.010087    0.175843    0.190108    2
      223   2328    0.155179    0.003582    0.152646    0.157712    2
      224   2274    0.151580    0.001508    0.150513    0.152646    2
      225   2241    0.149380    0.010652    0.141848    0.156912    2
      226   2167    0.144447    0.009144    0.137982    0.150913    2
      227   2151    0.143381    0.002168    0.141848    0.144914    2
      228   2148    0.143181    0.001320    0.142248    0.144114    2
      229   2125    0.141648    0.001791    0.140381    0.142914    2
      230   2117    0.141115    0.000471    0.140781    0.141448    2
      231   2103    0.140181    0.002734    0.138248    0.142114    2
      232   2095    0.139648    0.003488    0.137182    0.142114    2
      233   2086    0.139048    0.001508    0.137982    0.140115    2
      234   2082    0.138781    0.007353    0.133582    0.143981    2
      235   2051    0.136715    0.004619    0.133449    0.139981    2
      236   2019    0.134582    0.011406    0.126516    0.142648    2
      237   1977    0.131782    0.003488    0.129316    0.134249    2
      238   1486    0.099053    0.007164    0.093987    0.104119    2
      239   1461    0.097387    0.005939    0.093188    0.101586    2
      240   1422    0.094787    0.016403    0.083189    0.106386    2
      241   1419    0.094587    0.008767    0.088388    0.100787    2
      242   1409    0.093921    0.017063    0.081856    0.105986    2
      ------------------------------------------------------------------
      + Convergence diagnostic (standard deviation of split frequencies)
        should approach 0.0 as runs converge.


      Summary statistics for branch and node parameters
         (saved to file "results/ebov_sierraleone_2014/ebov_sierraleone_2014_mb.vstat"):

                                               95% HPD Interval
                                             --------------------
      Parameter       Mean       Variance     Lower       Upper       Median     PSRF+  Nruns
      ---------------------------------------------------------------------------------------
      length[1]      0.000027    0.000000    0.000000    0.000081    0.000018    1.000    2
      length[2]      0.000076    0.000000    0.000009    0.000171    0.000066    1.000    2
      length[3]      0.000026    0.000000    0.000000    0.000078    0.000018    1.000    2
      length[4]      0.000077    0.000000    0.000007    0.000164    0.000068    1.000    2
      length[5]      0.000052    0.000000    0.000002    0.000121    0.000045    1.001    2
      length[6]      0.000026    0.000000    0.000000    0.000075    0.000018    1.001    2
      length[7]      0.000026    0.000000    0.000000    0.000078    0.000018    1.001    2
      length[8]      0.000025    0.000000    0.000000    0.000074    0.000017    1.000    2
      length[9]      0.000051    0.000000    0.000000    0.000116    0.000043    1.001    2
      length[10]     0.000025    0.000000    0.000000    0.000079    0.000017    1.006    2
      length[11]     0.000026    0.000000    0.000000    0.000075    0.000018    1.001    2
      length[12]     0.000025    0.000000    0.000000    0.000075    0.000017    1.000    2
      length[13]     0.000026    0.000000    0.000000    0.000078    0.000017    1.000    2
      length[14]     0.000051    0.000000    0.000001    0.000121    0.000043    1.000    2
      length[15]     0.000027    0.000000    0.000000    0.000080    0.000018    1.000    2
      length[16]     0.000051    0.000000    0.000002    0.000121    0.000042    1.000    2
      length[17]     0.000025    0.000000    0.000000    0.000072    0.000018    1.001    2
      length[18]     0.000027    0.000000    0.000000    0.000081    0.000019    1.000    2
      length[19]     0.000078    0.000000    0.000007    0.000167    0.000070    1.001    2
      length[20]     0.000027    0.000000    0.000000    0.000082    0.000018    1.000    2
      length[21]     0.000026    0.000000    0.000000    0.000076    0.000018    1.000    2
      length[22]     0.000079    0.000000    0.000011    0.000168    0.000071    1.000    2
      length[23]     0.000051    0.000000    0.000001    0.000124    0.000043    1.006    2
      length[24]     0.000026    0.000000    0.000000    0.000077    0.000018    1.000    2
      length[25]     0.000025    0.000000    0.000000    0.000076    0.000017    1.000    2
      length[26]     0.000052    0.000000    0.000001    0.000120    0.000046    1.001    2
      length[27]     0.000053    0.000000    0.000001    0.000129    0.000043    1.000    2
      length[28]     0.000076    0.000000    0.000008    0.000164    0.000068    1.000    2
      length[29]     0.000053    0.000000    0.000001    0.000122    0.000046    1.000    2
      length[30]     0.000025    0.000000    0.000000    0.000077    0.000017    1.000    2
      length[31]     0.000053    0.000000    0.000001    0.000127    0.000043    1.001    2
      length[32]     0.000026    0.000000    0.000000    0.000076    0.000018    1.000    2
      length[33]     0.000026    0.000000    0.000000    0.000077    0.000018    1.000    2
      length[34]     0.000025    0.000000    0.000000    0.000075    0.000017    1.000    2
      length[35]     0.000025    0.000000    0.000000    0.000078    0.000017    1.000    2
      length[36]     0.000026    0.000000    0.000000    0.000076    0.000018    1.000    2
      length[37]     0.000026    0.000000    0.000000    0.000079    0.000018    1.000    2
      length[38]     0.000026    0.000000    0.000000    0.000078    0.000018    1.003    2
      length[39]     0.000102    0.000000    0.000014    0.000204    0.000092    1.001    2
      length[40]     0.000051    0.000000    0.000002    0.000124    0.000043    1.000    2
      length[41]     0.000105    0.000000    0.000017    0.000212    0.000097    1.000    2
      length[42]     0.000156    0.000000    0.000054    0.000286    0.000151    1.000    2
      length[43]     0.000026    0.000000    0.000000    0.000076    0.000018    1.000    2
      length[44]     0.000077    0.000000    0.000009    0.000162    0.000069    1.000    2
      length[45]     0.000079    0.000000    0.000007    0.000173    0.000070    1.000    2
      length[46]     0.000105    0.000000    0.000019    0.000213    0.000095    1.000    2
      length[47]     0.000026    0.000000    0.000000    0.000076    0.000018    1.000    2
      length[48]     0.000078    0.000000    0.000010    0.000159    0.000071    1.003    2
      length[49]     0.000312    0.000000    0.000147    0.000503    0.000300    1.000    2
      length[50]     0.000100    0.000000    0.000019    0.000199    0.000091    1.001    2
      length[51]     0.000051    0.000000    0.000001    0.000124    0.000042    1.001    2
      length[52]     0.000026    0.000000    0.000000    0.000082    0.000018    1.000    2
      length[53]     0.000025    0.000000    0.000000    0.000074    0.000018    1.001    2
      length[54]     0.000026    0.000000    0.000000    0.000075    0.000019    1.000    2
      length[55]     0.000026    0.000000    0.000000    0.000075    0.000019    1.000    2
      length[56]     0.000051    0.000000    0.000001    0.000121    0.000044    1.001    2
      length[57]     0.000126    0.000000    0.000029    0.000234    0.000118    1.003    2
      length[58]     0.000106    0.000000    0.000020    0.000215    0.000097    1.004    2
      length[59]     0.000052    0.000000    0.000002    0.000122    0.000043    1.003    2
      length[60]     0.000183    0.000000    0.000060    0.000314    0.000172    1.001    2
      length[61]     0.000026    0.000000    0.000000    0.000076    0.000017    1.001    2
      length[62]     0.000052    0.000000    0.000002    0.000121    0.000044    1.001    2
      length[63]     0.000027    0.000000    0.000000    0.000082    0.000018    1.004    2
      length[64]     0.000078    0.000000    0.000008    0.000169    0.000067    1.000    2
      length[65]     0.000052    0.000000    0.000002    0.000120    0.000044    1.000    2
      length[66]     0.000025    0.000000    0.000000    0.000077    0.000016    1.000    2
      length[67]     0.000053    0.000000    0.000001    0.000127    0.000044    1.000    2
      length[68]     0.000050    0.000000    0.000001    0.000119    0.000043    1.000    2
      length[69]     0.000025    0.000000    0.000000    0.000079    0.000017    1.000    2
      length[70]     0.000078    0.000000    0.000011    0.000170    0.000068    1.000    2
      length[71]     0.000078    0.000000    0.000008    0.000163    0.000070    1.000    2
      length[72]     0.000025    0.000000    0.000000    0.000075    0.000018    1.000    2
      length[73]     0.000105    0.000000    0.000014    0.000212    0.000094    1.000    2
      length[74]     0.000051    0.000000    0.000002    0.000122    0.000043    1.000    2
      length[75]     0.000026    0.000000    0.000000    0.000077    0.000019    1.000    2
      length[76]     0.000155    0.000000    0.000039    0.000278    0.000146    1.000    2
      length[77]     0.000102    0.000000    0.000016    0.000204    0.000094    1.001    2
      length[78]     0.000078    0.000000    0.000009    0.000168    0.000068    1.001    2
      length[79]     0.000052    0.000000    0.000002    0.000126    0.000043    1.000    2
      length[80]     0.000051    0.000000    0.000001    0.000122    0.000043    1.002    2
      length[81]     0.000052    0.000000    0.000001    0.000123    0.000044    1.000    2
      length[82]     0.000104    0.000000    0.000021    0.000213    0.000094    1.001    2
      length[83]     0.000051    0.000000    0.000001    0.000117    0.000043    1.001    2
      length[84]     0.000052    0.000000    0.000001    0.000126    0.000044    1.000    2
      length[85]     0.000102    0.000000    0.000019    0.000207    0.000093    1.000    2
      length[86]     0.000025    0.000000    0.000000    0.000076    0.000017    1.000    2
      length[87]     0.000051    0.000000    0.000001    0.000118    0.000043    1.000    2
      length[88]     0.000026    0.000000    0.000000    0.000078    0.000017    1.001    2
      length[89]     0.000027    0.000000    0.000000    0.000080    0.000019    1.000    2
      length[90]     0.000051    0.000000    0.000002    0.000122    0.000043    1.001    2
      length[91]     0.000079    0.000000    0.000008    0.000169    0.000070    1.000    2
      length[92]     0.000025    0.000000    0.000000    0.000077    0.000016    1.000    2
      length[93]     0.000208    0.000000    0.000079    0.000357    0.000201    1.000    2
      length[94]     0.000028    0.000000    0.000000    0.000081    0.000019    1.000    2
      length[95]     0.000052    0.000000    0.000003    0.000122    0.000045    1.000    2
      length[96]     0.000027    0.000000    0.000000    0.000083    0.000018    1.001    2
      length[97]     0.000026    0.000000    0.000000    0.000077    0.000019    1.001    2
      length[98]     0.000103    0.000000    0.000020    0.000200    0.000096    1.000    2
      length[99]     0.000051    0.000000    0.000001    0.000126    0.000043    1.001    2
      length[100]    0.000128    0.000000    0.000030    0.000246    0.000118    1.000    2
      length[101]    0.000053    0.000000    0.000001    0.000124    0.000045    1.001    2
      length[102]    0.000026    0.000000    0.000000    0.000078    0.000018    1.000    2
      length[103]    0.000104    0.000000    0.000017    0.000206    0.000095    1.000    2
      length[104]    0.000156    0.000000    0.000046    0.000281    0.000146    1.000    2
      length[105]    0.000078    0.000000    0.000009    0.000163    0.000069    1.000    2
      length[106]    0.000126    0.000000    0.000033    0.000239    0.000117    1.000    2
      length[107]    0.000054    0.000000    0.000001    0.000131    0.000045    1.000    2
      length[108]    0.000026    0.000000    0.000000    0.000077    0.000018    1.000    2
      length[109]    0.000127    0.000000    0.000036    0.000241    0.000119    1.000    2
      length[110]    0.000155    0.000000    0.000036    0.000290    0.000144    1.000    2
      length[111]    0.000077    0.000000    0.000007    0.000167    0.000068    1.000    2
      length[112]    0.000103    0.000000    0.000022    0.000203    0.000095    1.002    2
      length[113]    0.000077    0.000000    0.000008    0.000170    0.000067    1.002    2
      length[114]    0.000078    0.000000    0.000010    0.000165    0.000071    1.000    2
      length[115]    0.000105    0.000000    0.000017    0.000210    0.000096    1.000    2
      length[116]    0.000180    0.000000    0.000059    0.000312    0.000171    1.000    2
      length[117]    0.000126    0.000000    0.000033    0.000244    0.000118    1.000    2
      length[118]    0.000105    0.000000    0.000018    0.000208    0.000096    1.000    2
      length[119]    0.000077    0.000000    0.000011    0.000169    0.000068    1.000    2
      length[120]    0.000103    0.000000    0.000019    0.000201    0.000094    1.000    2
      length[121]    0.000078    0.000000    0.000008    0.000167    0.000069    1.000    2
      length[122]    0.000077    0.000000    0.000008    0.000165    0.000068    1.001    2
      length[123]    0.000129    0.000000    0.000033    0.000242    0.000120    1.000    2
      length[124]    0.000157    0.000000    0.000041    0.000282    0.000148    1.000    2
      length[125]    0.000077    0.000000    0.000006    0.000169    0.000067    1.000    2
      length[126]    0.000078    0.000000    0.000005    0.000163    0.000069    1.001    2
      length[127]    0.000079    0.000000    0.000006    0.000168    0.000070    1.003    2
      length[128]    0.000076    0.000000    0.000009    0.000165    0.000068    1.002    2
      length[129]    0.000079    0.000000    0.000009    0.000168    0.000070    1.005    2
      length[130]    0.000079    0.000000    0.000009    0.000166    0.000070    1.002    2
      length[131]    0.000052    0.000000    0.000002    0.000123    0.000044    1.000    2
      length[132]    0.000052    0.000000    0.000001    0.000126    0.000044    1.000    2
      length[133]    0.000052    0.000000    0.000000    0.000125    0.000042    1.000    2
      length[134]    0.000054    0.000000    0.000002    0.000128    0.000047    1.000    2
      length[135]    0.000052    0.000000    0.000002    0.000123    0.000044    1.000    2
      length[136]    0.000052    0.000000    0.000002    0.000121    0.000044    1.002    2
      length[137]    0.000052    0.000000    0.000001    0.000126    0.000043    1.001    2
      length[138]    0.000051    0.000000    0.000001    0.000120    0.000043    1.000    2
      length[139]    0.000052    0.000000    0.000002    0.000123    0.000044    1.000    2
      length[140]    0.000054    0.000000    0.000001    0.000129    0.000045    1.001    2
      length[141]    0.000052    0.000000    0.000001    0.000125    0.000044    1.001    2
      length[142]    0.000051    0.000000    0.000001    0.000121    0.000043    1.000    2
      length[143]    0.000054    0.000000    0.000001    0.000128    0.000044    1.000    2
      length[144]    0.000050    0.000000    0.000002    0.000118    0.000043    1.000    2
      length[145]    0.000051    0.000000    0.000001    0.000120    0.000043    1.000    2
      length[146]    0.000052    0.000000    0.000001    0.000122    0.000044    1.000    2
      length[147]    0.000052    0.000000    0.000001    0.000127    0.000043    1.000    2
      length[148]    0.000052    0.000000    0.000001    0.000126    0.000042    1.000    2
      length[149]    0.000051    0.000000    0.000002    0.000123    0.000043    1.000    2
      length[150]    0.000051    0.000000    0.000001    0.000119    0.000044    1.000    2
      length[151]    0.000051    0.000000    0.000001    0.000122    0.000042    1.000    2
      length[152]    0.000026    0.000000    0.000000    0.000081    0.000017    1.000    2
      length[153]    0.000027    0.000000    0.000000    0.000082    0.000019    1.000    2
      length[154]    0.000027    0.000000    0.000000    0.000079    0.000019    1.000    2
      length[155]    0.000025    0.000000    0.000000    0.000073    0.000017    1.000    2
      length[156]    0.000026    0.000000    0.000000    0.000082    0.000018    1.000    2
      length[157]    0.000025    0.000000    0.000000    0.000077    0.000018    1.000    2
      length[158]    0.000027    0.000000    0.000000    0.000079    0.000018    1.000    2
      length[159]    0.000027    0.000000    0.000000    0.000084    0.000019    1.000    2
      length[160]    0.000026    0.000000    0.000000    0.000077    0.000018    1.000    2
      length[161]    0.000027    0.000000    0.000000    0.000083    0.000019    1.000    2
      length[162]    0.000025    0.000000    0.000000    0.000074    0.000018    1.000    2
      length[163]    0.000026    0.000000    0.000000    0.000080    0.000017    1.000    2
      length[164]    0.000026    0.000000    0.000000    0.000081    0.000019    1.000    2
      length[165]    0.000026    0.000000    0.000000    0.000079    0.000018    1.001    2
      length[166]    0.000026    0.000000    0.000000    0.000080    0.000018    1.000    2
      length[167]    0.000027    0.000000    0.000000    0.000080    0.000018    1.000    2
      length[168]    0.000026    0.000000    0.000000    0.000077    0.000017    1.000    2
      length[169]    0.000026    0.000000    0.000000    0.000080    0.000018    1.000    2
      length[170]    0.000026    0.000000    0.000000    0.000078    0.000018    1.000    2
      length[171]    0.000026    0.000000    0.000000    0.000080    0.000018    1.000    2
      length[172]    0.000026    0.000000    0.000000    0.000078    0.000019    1.000    2
      length[173]    0.000025    0.000000    0.000000    0.000076    0.000017    1.000    2
      length[174]    0.000026    0.000000    0.000000    0.000082    0.000018    1.003    2
      length[175]    0.000027    0.000000    0.000000    0.000080    0.000018    1.000    2
      length[176]    0.000025    0.000000    0.000000    0.000077    0.000018    1.000    2
      length[177]    0.000026    0.000000    0.000000    0.000078    0.000017    1.000    2
      length[178]    0.000026    0.000000    0.000000    0.000077    0.000018    1.000    2
      length[179]    0.000025    0.000000    0.000000    0.000077    0.000016    1.000    2
      length[180]    0.000026    0.000000    0.000000    0.000076    0.000018    1.000    2
      length[181]    0.000027    0.000000    0.000000    0.000079    0.000020    1.002    2
      length[182]    0.000026    0.000000    0.000000    0.000080    0.000017    1.000    2
      length[183]    0.000027    0.000000    0.000000    0.000083    0.000018    1.000    2
      length[184]    0.000025    0.000000    0.000000    0.000077    0.000017    1.001    2
      length[185]    0.000025    0.000000    0.000000    0.000074    0.000017    1.002    2
      length[186]    0.000025    0.000000    0.000000    0.000076    0.000016    1.001    2
      length[187]    0.000025    0.000000    0.000000    0.000076    0.000017    1.000    2
      length[188]    0.000027    0.000000    0.000000    0.000075    0.000019    1.001    2
      length[189]    0.000026    0.000000    0.000000    0.000077    0.000018    1.000    2
      length[190]    0.000026    0.000000    0.000000    0.000079    0.000018    1.000    2
      length[191]    0.000027    0.000000    0.000000    0.000078    0.000020    1.000    2
      length[192]    0.000027    0.000000    0.000000    0.000082    0.000019    1.000    2
      length[193]    0.000026    0.000000    0.000000    0.000081    0.000019    1.001    2
      length[194]    0.000026    0.000000    0.000000    0.000076    0.000017    1.001    2
      length[195]    0.000027    0.000000    0.000000    0.000079    0.000019    1.000    2
      length[196]    0.000026    0.000000    0.000000    0.000079    0.000018    1.000    2
      length[197]    0.000026    0.000000    0.000000    0.000080    0.000018    1.000    2
      length[198]    0.000025    0.000000    0.000000    0.000076    0.000017    1.000    2
      length[199]    0.000026    0.000000    0.000000    0.000076    0.000018    1.000    2
      length[200]    0.000025    0.000000    0.000000    0.000078    0.000018    1.000    2
      length[201]    0.000026    0.000000    0.000000    0.000075    0.000018    1.000    2
      length[202]    0.000025    0.000000    0.000000    0.000073    0.000018    1.000    2
      length[203]    0.000026    0.000000    0.000000    0.000081    0.000017    1.000    2
      length[204]    0.000027    0.000000    0.000000    0.000081    0.000019    1.000    2
      length[205]    0.000026    0.000000    0.000000    0.000078    0.000018    1.001    2
      length[206]    0.000025    0.000000    0.000000    0.000074    0.000017    1.000    2
      length[207]    0.000027    0.000000    0.000000    0.000081    0.000018    1.001    2
      length[208]    0.000025    0.000000    0.000000    0.000072    0.000018    1.000    2
      length[209]    0.000027    0.000000    0.000000    0.000081    0.000019    1.002    2
      length[210]    0.000026    0.000000    0.000000    0.000077    0.000020    1.001    2
      length[211]    0.000026    0.000000    0.000000    0.000074    0.000019    1.000    2
      length[212]    0.000025    0.000000    0.000000    0.000075    0.000017    1.000    2
      length[213]    0.000027    0.000000    0.000000    0.000079    0.000019    1.000    2
      length[214]    0.000026    0.000000    0.000000    0.000081    0.000017    1.000    2
      length[215]    0.000026    0.000000    0.000000    0.000077    0.000018    1.000    2
      length[216]    0.000025    0.000000    0.000000    0.000074    0.000017    1.000    2
      length[217]    0.000026    0.000000    0.000000    0.000078    0.000017    1.001    2
      length[218]    0.000025    0.000000    0.000000    0.000075    0.000017    1.000    2
      length[219]    0.000026    0.000000    0.000000    0.000078    0.000018    1.000    2
      length[220]    0.000026    0.000000    0.000000    0.000077    0.000017    1.000    2
      length[221]    0.000027    0.000000    0.000000    0.000082    0.000018    1.000    2
      length[222]    0.000027    0.000000    0.000000    0.000083    0.000018    1.001    2
      length[223]    0.000025    0.000000    0.000000    0.000075    0.000019    1.000    2
      length[224]    0.000027    0.000000    0.000000    0.000080    0.000020    1.000    2
      length[225]    0.000025    0.000000    0.000000    0.000075    0.000018    1.001    2
      length[226]    0.000026    0.000000    0.000000    0.000075    0.000019    1.000    2
      length[227]    0.000025    0.000000    0.000000    0.000078    0.000016    1.002    2
      length[228]    0.000026    0.000000    0.000000    0.000075    0.000018    1.002    2
      length[229]    0.000026    0.000000    0.000000    0.000083    0.000018    1.000    2
      length[230]    0.000026    0.000000    0.000000    0.000078    0.000017    1.000    2
      length[231]    0.000027    0.000000    0.000000    0.000082    0.000018    1.000    2
      length[232]    0.000026    0.000000    0.000000    0.000086    0.000017    1.001    2
      length[233]    0.000026    0.000000    0.000000    0.000076    0.000019    1.001    2
      length[234]    0.000028    0.000000    0.000000    0.000083    0.000021    1.001    2
      length[235]    0.000024    0.000000    0.000000    0.000074    0.000016    1.001    2
      length[236]    0.000025    0.000000    0.000000    0.000075    0.000016    1.000    2
      length[237]    0.000026    0.000000    0.000000    0.000079    0.000018    1.000    2
      length[238]    0.000024    0.000000    0.000000    0.000074    0.000016    1.009    2
      length[239]    0.000026    0.000000    0.000000    0.000077    0.000017    1.000    2
      length[240]    0.000025    0.000000    0.000000    0.000078    0.000017    0.999    2
      length[241]    0.000026    0.000000    0.000000    0.000079    0.000018    1.000    2
      length[242]    0.000025    0.000000    0.000000    0.000071    0.000017    1.001    2
      ---------------------------------------------------------------------------------------
      + Convergence diagnostic (PSRF = Potential Scale Reduction Factor; Gelman
        and Rubin, 1992) should approach 1.0 as runs converge. NA is reported when
        deviation of parameter values within all runs is 0 or when a parameter
        value (a branch length, for instance) is not sampled in all runs.


      Summary statistics for partitions with frequency >= 0.10 in at least one run:
          Average standard deviation of split frequencies = 0.005707
          Maximum standard deviation of split frequencies = 0.026678
          Average PSRF for parameter values (excluding NA and >10.0) = 1.001
          Maximum PSRF for parameter values = 1.009


      Clade credibility values:

      Subtree rooted at node 181:

                                                                 /----- KM233048 (13)
                                                            /--6-+                    
                                                            |    \----- KM233061 (17)
                /---------------------1---------------------+                         
                |                                           |    /----- KM233112 (36)
                |                                           \--6-+                    
                |                                                \----- KP759747 (39)
                |                                                                     
                |                                      /--------------- KP759630 (41)
                |                                      |                              
                |                                 /-20-+    /---------- KP759670 (48)
                |                                 |    |    |                         
                |                                 |    \-100+    /----- KP759767 (83)
                |                                 |         \-100+                    
                |                            /-99-+              \----- KP759664 (92)
                |                            |    |                                   
                |                            |    |    /--------------- KP759629 (52)
                |                            |    |    |                              
                |                            |    \-20-+    /---------- KP759714 (55)
                |                       /-100+         |    |                         
                |                       |    |         \-100+    /----- KP759728 (62)
                |                       |    |              \-100+                    
                |                       |    |                   \----- KP759732 (65)
                |                       |    |                                        
                |                   /-21+    \------------------------- KP759750 (70)
                |                   |   |                                             
                |                   |   |                        /----- KP759712 (53)
                |                   |   |                   /-34-+                    
                |                   |   |                   |    \----- KP759760 (78)
                |              /-21-+   \--------100--------+                         
                |              |    |                       \---------- KP759684 (96)
                |              |    |                                                 
           /--1-+              |    |                            /----- KP759725 (61)
           |    |              |    \-------------100------------+                    
           |    |              |                                 \----- KP759729 (63)
           |    |              |                                                      
           |    |         /-99-+                            /---------- KP759649 (77)
           |    |         |    |                            |                         
           |    |         |    |                       /-22-+    /----- KP759616 (130)
           |    |         |    |                       |    \-100+                    
           |    |         |    |                  /-21-+         \----- KP759626 (170)
           |    |         |    |                  |    |                              
           |    |         |    \--------100-------+    \--------------- KP759761 (81)
           |    |         |                       |                                   
           |    |         |                       \-------------------- KP759600 (98)
           |    |         |                                                           
           |    |         |                                 /---------- KP759642 (42)
           |    |    /--7-+                                 |                         
           |    |    |    |                            /-100+    /----- KP759717 (59)
           |    |    |    |                            |    \-33-+                    
           |    |    |    |                       /-99-+         \----- KP759702 (150)
           |    |    |    |                       |    |                              
           |    |    |    |                  /-98-+    \--------------- KP759603 (91)
           |    |    |    |                  |    |                                   
           |    |    |    |                  |    \-------------------- KP759688 (43)
           |    |    |    |             /-20-+                                        
           |    |    |    |             |    |                   /----- KP759644 (45)
           |    |    |    |             |    \---------21--------+                    
           |    |    |    \------98-----+                        \----- KP759597 (84)
           |    |    |                  |                                             
           |    |    |                  \------------------------------ KP759690 (100)
           |    \--1-+                                                                
           |         |                                           /----- KP759739 (69)
           |         |                                      /-99-+                    
           |         |                                      |    \----- KP759689 (110)
           |         |                                 /-100+                         
      ---7-+         |                                 |    \---------- KP759705 (190)
           |         |                            /-14-+                              
           |         |                            |    \--------------- KP759703 (160)
           |         |                            |                                   
           |         |                       /-16-+    /--------------- KP759648 (76)
           |         |                       |    |    |                              
           |         |                       |    |    |         /----- KP759657 (80)
           |         |                       |    \-15-+    /-34-+                    
           |         |                       |         |    |    \----- KP759765 (87)
           |         \----------100----------+         \-100+                         
           |                                 |              \---------- KP759766 (88)
           |                                 |                                        
           |                                 |                   /----- KP759645 (73)
           |                                 \---------99--------+                    
           |                                                     \----- KP759656 (85)
           |                                                                          
           |         /------------------------------------------------- KM233110 (35)
           |         |                                                                
           |         |                                           /----- KP759608 (44)
           |         |                                      /-99-+                    
           |         |                                      |    \----- KP759731 (64)
           |         |                                 /--8-+                         
           |         |                                 |    \---------- KP759709 (110)
           |         |              /---------1--------+                              
           |         |              |                  |         /----- KP759594 (94)
           |         |              |                  \----8----+                    
           |         |              |                            \----- KP759679 (99)
           |         |              |                                                 
           |         |              |                  /--------------- KP759694 (51)
           |         |              |                  |                              
           |         |              |             /-100+    /---------- KP759737 (66)
           |         |              |             |    |    |                         
           |         |         /--3-+             |    \-34-+    /----- KP759753 (72)
           |         |         |    |             |         \-100+                    
           \----7----+         |    |        /-34-+              \----- KP759752 (75)
                     |         |    |        |    |                                   
                     |         |    |        |    |              /----- KP759595 (89)
                     |         |    |   /-100+    \------100-----+                    
                     |         |    |   |    |                   \----- KP759599 (90)
                     |         |    |   |    |                                        
                     |         |    \-8-+    \------------------------- KP759653 (79)
                     |         |        |                                             
                     |    /--8-+        \------------------------------ KP759638 (67)
                     |    |    |                                                      
                     |    |    |    /---------------------------------- KP759652 (46)
                     |    |    |    |                                                 
                     |    |    |    |                  /--------------- KP759666 (47)
                     |    |    |    |                  |                              
                     |    |    |    |                  |         /----- KP759751 (71)
                     |    |    |    |             /-100+    /-34-+                    
                     |    |    |    |             |    |    |    \----- KP759686 (97)
                     |    |    \-99-+             |    \-100+                         
                     \-100+         |        /-99-+         \---------- KP759693 (120)
                          |         |        |    |                                   
                          |         |   /-100+    \-------------------- KP759635 (54)
                          |         |   |    |                                        
                          |         |   |    \------------------------- KP759634 (60)
                          |         \100+                                             
                          |             |                        /----- KP759744 (74)
                          |             \-----------100----------+                    
                          |                                      \----- KP759676 (93)
                          |                                                           
                          \-------------------------------------------- KP759723 (57)
                                                                                      
      Subtree rooted at node 204:

                                                                 /----- KM233049 (6)
                                                       /----3----+                    
                                                       |         \----- KM233100 (31)
                                                       |                              
                               /-----------0-----------+    /---------- KM233057 (15)
                               |                       |    |                         
                               |                       \--3-+    /----- KP759633 (58)
                               |                            \-100+                    
                               |                                 \----- KP759764 (82)
                               |                                                      
                               |                                 /----- KM233039 (7)
                               |                            /--3-+                    
                               |                            |    \----- KM233069 (19)
                               |--------------0-------------+                         
                               |                            |    /----- KM233116 (8)
                               |                            \--3-+                    
                               |                                 \----- KM233106 (33)
                               |                                                      
                               |                                 /----- KM233056 (11)
                               |        /------------3-----------+                    
                               |        |                        \----- KM233086 (27)
                               |        |                                             
                               |        |                        /----- (181)
                               |        |    /---------99--------+                    
                               |        |    |                   \----- KM233115 (37)
                               |    /-0-+    |                                        
                               |    |   |    |                   /----- KP759640 (40)
                               |    |   |    |              /-100+                    
                          /--0-+    |   |    |              |    \----- KP759695 (140)
                          |    |    |   |    |         /--9-+                         
                          |    |    |   \--3-+         |    \---------- KP759730 (68)
                          |    |    |        |         |                              
                          |    |    |        |    /-10-+         /----- KP759683 (49)
                          |    |    |        |    |    |    /-10-+                    
                          |    |    |        |    |    |    |    \----- KP759620 (50)
                          |    |--0-+        |    |    \--2-+                         
                          |    |    |        |    |         |    /----- KP759719 (56)
                          |    |    |        \-100+         \-10-+                    
                          |    |    |             |              \----- KP759682 (95)
                          |    |    |             |                                   
                          |    |    |             |              /----- KP759669 (86)
                          |    |    |             \------100-----+                    
                          |    |    |                            \----- KP759627 (180)
                     /--3-+    |    |                                                 
                     |    |    |    |                            /----- KM233092 (28)
                     |    |    |    \--------------3-------------+                    
                     |    |    |                                 \----- KM233108 (34)
                     |    |    |                                                      
                     |    |    |                                 /----- KM233047 (12)
                     |    |    |                            /--3-+                    
                     |    |    |                            |    \----- KM233058 (16)
                     |    |    \--------------0-------------+                         
                /-99-+    |                                 |    /----- KM233060 (20)
                |    |    |                                 \--3-+                    
                |    |    |                                      \----- KM233083 (38)
                |    |    |                                                           
                |    |    |                                      /----- KM233053 (9)
           /--6-+    |    \-------------------3------------------+                    
           |    |    |                                           \----- KM233093 (29)
           |    |    |                                                                
           |    |    \------------------------------------------------- KM233050 (14)
      ---0-+    |                                                                     
           |    \------------------------------------------------------ KM233075 (23)
           |                                                                          
           |                                                     /----- KM233054 (10)
           \--------------------------6--------------------------+                    
                                                                 \----- KM233074 (22)
                                                                                      
      Root part of tree:

      /---------------------------------------------------------------- KM034549 (1)
      |                                                                               
      |---------------------------------------------------------------- KM034554 (3)
      |                                                                               
      |                  /--------------------------------------------- KM034551 (2)
      |                  |                                                            
      |                  |            /-------------------------------- (204)
      |                  |            |                                               
      |                  |            |                         /------ KM233065 (18)
      |                  |            |                  /--34--+                     
      +            /-100-+            |                  |      \------ KM233067 (24)
      |            |     |      /--1--+            /-100-+                            
      |            |     |      |     |            |     \------------- KM233068 (30)
      |            |     |      |     |     /---6--+                                  
      |            |     |      |     |     |      \------------------- KM233073 (21)
      |            |     |      |     \--1--+                                         
      |     /--21--+     \---7--+           |                   /------ KM233080 (26)
      |     |      |            |           \---------6---------+                     
      |     |      |            |                               \------ KM233105 (32)
      |     |      |            |                                                     
      \--21-+      |            \-------------------------------------- KM233077 (25)
            |      |                                                                  
            |      \--------------------------------------------------- KM034562 (4)
            |                                                                         
            \---------------------------------------------------------- KM034563 (5)
                                                                                      

      Phylogram (based on average branch lengths):

      /- KM034549 (1)
      |                                                                               
      |- KM034554 (3)
      |                                                                               
      |          /----- KM034551 (2)
      |          |                                                                    
      |          |            /- KM233049 (6)
      |          |           /+                                                       
      |          |           |\--- KM233100 (31)
      |          |           |                                                        
      |          |          /+/-- KM233057 (15)
      |          |          |||                                                       
      |          |          |\+    /------- KP759633 (58)
      |          |          | \----+                                                  
      |          |          |      \------- KP759764 (82)
      |          |          |                                                         
      |          |          |     /-- KM233039 (7)
      |          |          |    /+                                                   
      |          |          |    |\----- KM233069 (19)
      |          |          |----+                                                    
      |          |          |    |/- KM233116 (8)
      |          |          |    \+                                                   
      |          |          |     \- KM233106 (33)
      |          |          |                                                         
      |          |          |   /- KM233056 (11)
      |          |          |  /+                                                     
      |          |          |  |\--- KM233086 (27)
      |          |          |  |                                                      
      |          |          |  |         /- KM233048 (13)
      |          |          |  |        /+                                            
      |          |          |  |        |\- KM233061 (17)
      |          |          |  |      /-+                                             
      |          |          |  |      | |/- KM233112 (36)
      |          |          |  |      | \+                                            
      |          |          |  |      |  \------ KP759747 (39)
      |          |          |  |      |                                               
      |          |          |  |      |                   /------- KP759630 (41)
      |          |          |  |      |                   |                           
      |          |          |  |      |                 /-+    /----- KP759670 (48)
      |          |          |  |      |                 | |    |                      
      |          |          |  |      |                 | \----+  /--- KP759767 (83)
      |          |          |  |      |                 |      \--+                   
      |          |          |  |      |              /--+         \- KP759664 (92)
      |          |          |  |      |              |  |                             
      |          |          |  |      |              |  | /- KP759629 (52)
      |          |          |  |      |              |  | |                           
      |          |          |  |      |              |  \-+    /- KP759714 (55)
      |          |          |  |      |       /------+    |    |                      
      |          |          |  |      |       |      |    \----+    /--- KP759728 (62)
      |          |          |  |      |       |      |         \----+                 
      |          |          |  |      |       |      |              \--- KP759732 (65)
      |          |          |  |      |       |      |                                
      |          |          |  |      |      /+      \----- KP759750 (70)
      |          |          |  |      |      ||                                       
      |          |          |  |      |      ||           /-- KP759712 (53)
      |          |          |  |      |      ||          /+                           
      |          |          |  |      |      ||          |\----- KP759760 (78)
      |          |          |  |      |     /+\----------+                            
      |          |          |  |      |     ||           \- KP759684 (96)
      |          |          |  |      |     ||                                        
      |          |          |  |    /-+     ||    /- KP759725 (61)
      |          |          |  |    | |     |\----+                                   
      |          |          |  |    | |     |     \- KP759729 (63)
      |          |          |  |    | |     |                                         
      |          |          |  |    | | /---+    /------- KP759649 (77)
      |          |          |  |    | | |   |    |                                    
      |          |          |  |    | | |   |   /+  /------- KP759616 (130)
      |          |          |  |    | | |   |   |\--+                                 
      |          |          |  |    | | |   |  /+   \---- KP759626 (170)
      |          |          |  |    | | |   |  ||                                     
      |          |          |  |    | | |   \--+\--- KP759761 (81)
      |          |          |  |    | | |      |                                      
      |          |          |  |    | | |      \------- KP759600 (98)
      |          |          |  |    | | |                                             
      |          |          |  |    | | |             /----------- KP759642 (42)
      |          |          |  |    | |/+             |                               
      |          |          |  |    | |||          /--+/---- KP759717 (59)
      |          |          |  |    | |||          |  \+                              
      |          |          |  |    | |||       /--+   \------ KP759702 (150)
      |          |          |  |    | |||       |  |                                  
      |          |          |  |    | |||    /--+  \----- KP759603 (91)
      |          |          |  |    | |||    |  |                                     
      |          |          |  |    | |||    |  \- KP759688 (43)
      |          |          |  |    | |||  /-+                                        
      |          |          |  |    | |||  | |/----- KP759644 (45)
      |          |          |  |    | |||  | \+                                       
      |          |          |  |    | ||\--+  \--- KP759597 (84)
      |          |          | /+    | ||   |                                          
      |          |          | ||    | ||   \--------- KP759690 (100)
      |          |          | ||    | \+                                              
      |          |          | ||    |  |                     /- KP759739 (69)
      |          |          | ||    |  |                 /---+                        
      |          |          | ||    |  |                 |   \--- KP759689 (110)
      |          |          | ||    |  |         /-------+                            
      |          |          | ||   /+  |         |       \--------- KP759705 (190)
      +          |          | ||   ||  |       /-+                                    
      |          |          | ||   ||  |       | \-------- KP759703 (160)
      |          |          | ||   ||  |       |                                      
      |          |         /+ ||   ||  |      /+ /---------- KP759648 (76)
      |          |         || ||   ||  |      || |                                    
      |          |         || ||   ||  |      || |            /---- KP759657 (80)
      |          |         || ||   ||  |      |\-+           /+                       
      |          |         || ||   ||  |      |  |           |\---- KP759765 (87)
      |          |         || ||   ||  \------+  \-----------+                        
      |          |         || ||   ||         |              \- KP759766 (88)
      |          |         || ||   ||         |                                       
      |  /-------+         || ||   ||         |  /------- KP759645 (73)
      |  |       |         || ||   ||         \--+                                    
      |  |       |         || ||   ||            \------- KP759656 (85)
      |  |       |         || ||   ||                                                 
      |  |       |         || ||   ||/-- KM233110 (35)
      |  |       |         || ||   |||                                                
      |  |       |         || ||   |||             /----- KP759608 (44)
      |  |       |         || ||   |||         /---+                                  
      |  |       |         || ||   |||         |   \---- KP759731 (64)
      |  |       |         || ||   |||        /+                                      
      |  |       |         || ||   |||        |\----------- KP759709 (110)
      |  |       |         || ||   |||       /+                                       
      |  |       |         || ||   |||       ||/-- KP759594 (94)
      |  |       |         || ||   |||       |\+                                      
      |  |       |         || ||   |||       | \--- KP759679 (99)
      |  |       |         || ||   |||       |                                        
      |  |       |         || ||   |||       |             /--- KP759694 (51)
      |  |       |         || ||   |||       |             |                          
      |  |       |         || ||   |||       |        /----+ /- KP759737 (66)
      |  |       |         || ||   |||       |        |    | |                        
      |  |       |         || ||/--+||      /+        |    \-+    /- KP759753 (72)
      |  |       |         || |||  |||      ||        |      \----+                   
      |  |       |         || |||  |\+      ||       /+           \- KP759752 (75)
      |  |       |         || |||  | |      ||       ||                               
      |  |       |         || |||  | |      ||       ||  /-- KP759595 (89)
      |  |       |         || |||  | |      ||/------+\--+                            
      |  |       |         || |||  | |      |||      |   \---- KP759599 (90)
      |  |       |         ||-+||  | |      |||      |                                
      |  |       |         || |||  | |      |\+      \--- KP759653 (79)
      |  |       |         || |||  | |      | |                                       
      |  |       |         || |||  | |    /-+ \--- KP759638 (67)
      |  |       |         || |||  | |    | |                                         
      |  |       |         || |||  | |    | |  /------- KP759652 (46)
      |  |       |         || |||  | |    | |  |                                      
      |  |       |         || |||  | |    | |  |             /-- KP759666 (47)
      |  |       |         || |||  | |    | |  |             |                        
      |  |       |         || |||  | |    | |  |             |    /----- KP759751 (71)
      |  |       |         || |||  | |    | |  |          /--+   /+                   
      |  |       |         || |||  | |    | |  |          |  |   |\- KP759686 (97)
      |  |       |        /+| |||  | |    | \--+          |  \---+                    
      |  |       |        ||| |||  | \----+    |       /--+      \- KP759693 (120)
      |  |       |        ||| |||  |      |    |       |  |                           
      |  |       |        ||| |||  |      |    |  /----+  \-- KP759635 (54)
      |  |       |        ||| |\+  |      |    |  |    |                              
      |  |       |        ||| | |  |      |    |  |    \------------- KP759634 (60)
      |  |       |        ||| | |  |      |    \--+                                   
      |  |       |        ||| | |  |      |       |  /--- KP759744 (74)
      |  |       |        ||| | |  |      |       \--+                                
      |  |       |        ||| | |  |      |          \--------------- KP759676 (93)
      |  |       |        ||| | |  |      |                                           
      |  |       |        ||| | |  |      \--------- KP759723 (57)
      |  |       |        ||| | |  |                                                  
      |  |       |        ||| | |  \- KM233115 (37)
      |  |       |        ||| | |                                                     
      |  |       |        ||| | |             /--- KP759640 (40)
      |/-+       |        ||| | |        /----+                                       
      || |       |        ||| | |        |    \----------- KP759695 (140)
      || |       |        ||| | |       /+                                            
      || |       |        ||| | |       |\--- KP759730 (68)
      || |       |        ||| | |       |                                             
      || |       |        ||| | |      /+  /---------------------- KP759683 (49)
      || |       |        ||| | |      ||/-+                                          
      || |       |        ||| | |      ||| \------ KP759620 (50)
      || |       |        ||| | |      |\+                                            
      || |       |     /--+|| | |      | | /--- KP759719 (56)
      || |       |     |  ||| | \------+ \-+                                          
      || |       |     |  ||| |        |   \--- KP759682 (95)
      || |       |     |  ||| |        |                                              
      || |       |     |  ||| |        |    /- KP759669 (86)
      || |       |     |  ||| |        \----+                                         
      || |       |     |  ||| |             \- KP759627 (180)
      || |       |     |  ||| |                                                       
      || |       |     |  ||| |/----- KM233092 (28)
      || |       |     |  ||| \+                                                      
      || |       |     |  |||  \- KM233108 (34)
      || |       |     |  |||                                                         
      || |       |     |  |||  /- KM233047 (12)
      || |       |    /+  ||| /+                                                      
      || |       |    ||  ||| |\--- KM233058 (16)
      || |       |    ||  ||\-+                                                       
      || |       |    ||  ||  |/- KM233060 (20)
      || |       |    ||  ||  \+                                                      
      || |       |    ||  ||   \- KM233083 (38)
      || |       |    ||  ||                                                          
      \+ |       |    ||  ||/---- KM233053 (9)
       | |       |  /-+|  |\+                                                         
       | |       |  | ||  | \---- KM233093 (29)
       | |       |  | ||  |                                                           
       | |       |  | ||  \--- KM233050 (14)
       | |       |  | ||                                                              
       | |       |  | |\--- KM233075 (23)
       | |       |  | |                                                               
       | |       |  | |/- KM233054 (10)
       | |       |  | \+                                                              
       | |       |/-+  \----- KM233074 (22)
       | |       || |                                                                 
       | |       || |        /- KM233065 (18)
       | |       || |      /-+                                                        
       | |       || |      | \- KM233067 (24)
       | |       || | /----+                                                          
       | |       || | |    \-- KM233068 (30)
       | |       \+ |/+                                                               
       | |        | ||\-- KM233073 (21)
       | |        | \+                                                                
       | |        |  |/---- KM233080 (26)
       | |        |  \+                                                               
       | |        |   \-- KM233105 (32)
       | |        |                                                                   
       | |        \-- KM233077 (25)
       | |                                                                            
       | \----- KM034562 (4)
       |                                                                              
       \---- KM034563 (5)
                                                                                      
      |-------------| 0.000 expected changes per site

      Calculating tree probabilities...

      Credible sets of trees (15002 trees sampled):
         50 % credible set contains 7501 trees
         90 % credible set contains 13502 trees
         95 % credible set contains 14252 trees
         99 % credible set contains 14852 trees

      Using relative burnin (a fraction of samples discarded).
      Setting burnin fraction to 0.25
      Summarizing parameters in files results/ebov_sierraleone_2014/ebov_sierraleone_2014_mb.run1.p and results/ebov_sierraleone_2014/ebov_sierraleone_2014_mb.run2.p
      Writing summary statistics to file results/ebov_sierraleone_2014/ebov_sierraleone_2014_mb.pstat
      Using relative burnin ('relburnin=yes'), discarding the first 25 % of samples

      Below are rough plots of the generation (x-axis) versus the log   
      probability of observing the data (y-axis). You can use these     
      graphs to determine what the burn in for your analysis should be. 
      When the log probability starts to plateau you may be at station- 
      arity. Sample trees and parameters after the log probability      
      plateaus. Of course, this is not a guarantee that you are at sta- 
      tionarity. Also examine the convergence diagnostics provided by   
      the 'sump' and 'sumt' commands for all the parameters in your     
      model. Remember that the burn in is the number of samples to dis- 
      card. There are a total of ngen / samplefreq samples taken during 
      a MCMC analysis.                                                  

      Overlay plot for both runs:
      (1 = Run number 1; 2 = Run number 2; * = Both runs)

      +------------------------------------------------------------+ -28382.59
      | 11  2                              2                       |
      |                                                            |
      |                      1                            2    2  1|
      |2     2  212           1  12         1                      |
      | 2   1       *          2  1   2*2      2  1   2    * *1  *2|
      |      1     * 11    2222    21 1      1       21 2   *   2  |
      |       1  21   2  1  1  12    *  1 1 2 *   21*1   2    2    |
      |  2 1   1     2    2      2       1      *1 2     11    1   |
      |1  *2   2        2           2      1     2     11          |
      |       2         1 11    1            2 1                1  |
      |                * 2         1     2                         |
      |         1                                      2           |
      |                                                            |
      |                                                            |
      |                                   2                        |
      +------+-----+-----+-----+-----+-----+-----+-----+-----+-----+ -28399.38
      ^                                                            ^
      375000                                                       1500000


      Estimated marginal likelihoods for runs sampled in files
         "results/ebov_sierraleone_2014/ebov_sierraleone_2014_mb.run1.p" and "results/ebov_sierraleone_2014/ebov_sierraleone_2014_mb.run2.p":
         (Use the harmonic mean for Bayes factor comparisons of models)

         (Values are saved to the file results/ebov_sierraleone_2014/ebov_sierraleone_2014_mb.lstat)

      Run   Arithmetic mean   Harmonic mean
      --------------------------------------
        1     -28370.88        -28420.56
        2     -28370.03        -28416.67
      --------------------------------------
      TOTAL   -28370.36        -28419.88
      --------------------------------------


      Model parameter summaries over the runs sampled in files
         "results/ebov_sierraleone_2014/ebov_sierraleone_2014_mb.run1.p" and "results/ebov_sierraleone_2014/ebov_sierraleone_2014_mb.run2.p":
         Summaries are based on a total of 15002 samples from 2 runs.
         Each run produced 10001 samples of which 7501 samples were included.
         Parameter summaries saved to file "results/ebov_sierraleone_2014/ebov_sierraleone_2014_mb.pstat".

                                            95% HPD Interval
                                          --------------------
      Parameter      Mean      Variance     Lower       Upper       Median    min ESS*  avg ESS    PSRF+ 
      --------------------------------------------------------------------------------------------------
      TL          0.011448    0.000001    0.009947    0.012958    0.011424   6424.66   6503.18    1.000
      r(A<->C)    0.042702    0.000158    0.020038    0.067336    0.041557   1613.51   1660.62    1.000
      r(A<->G)    0.399932    0.001050    0.338373    0.463502    0.399436   1155.91   1213.53    1.000
      r(A<->T)    0.043103    0.000131    0.022255    0.065889    0.041880   1387.68   1604.11    1.000
      r(C<->G)    0.018627    0.000111    0.002253    0.039297    0.016682   1281.25   1281.85    1.001
      r(C<->T)    0.460704    0.001133    0.396322    0.527219    0.461077   1146.35   1201.55    1.001
      r(G<->T)    0.034932    0.000163    0.012189    0.060324    0.033471   1521.99   1628.37    1.000
      pi(A)       0.318571    0.000012    0.311806    0.325104    0.318526    925.49   1017.62    1.000
      pi(C)       0.214430    0.000009    0.208736    0.220219    0.214422   1084.39   1120.25    1.000
      pi(G)       0.198793    0.000009    0.193062    0.204648    0.198733    941.54   1023.96    1.000
      pi(T)       0.268206    0.000010    0.261767    0.274151    0.268226   1216.20   1230.39    1.000
      alpha       0.804366    0.797127    0.000177    2.545885    0.510756   1526.64   1722.35    1.000
      pinvar      0.498196    0.044773    0.085295    0.840988    0.525785   1171.91   1190.21    1.000
      --------------------------------------------------------------------------------------------------
      * Convergence diagnostic (ESS = Estimated Sample Size); min and avg values
        correspond to minimal and average ESS among runs. 
        ESS value below 100 may indicate that the parameter is undersampled. 
      + Convergence diagnostic (PSRF = Potential Scale Reduction Factor; Gelman
        and Rubin, 1992) should approach 1.0 as runs converge.


   Exiting mrbayes block
   Reached end of file

   Tasks completed, exiting program because mode is noninteractive
   To return control to the command line after completion of file processing, 
   set mode to interactive with 'mb -i <filename>' (i is for interactive)
   or use 'set mode=interactive'

